date,close,change,volume,value,name
2019-07-29T00:00:00,10100.0,25.0,349500.0,3509330000.0,AALI
2019-07-30T00:00:00,10025.0,-75.0,370400.0,3720155000.0,AALI
2019-07-31T00:00:00,9975.0,-50.0,2524500.0,24959585000.0,AALI
2019-08-01T00:00:00,9975.0,0.0,542700.0,5418112500.0,AALI
2019-08-02T00:00:00,9800.0,-175.0,293800.0,2902410000.0,AALI
2019-08-05T00:00:00,9800.0,0.0,543600.0,5308775000.0,AALI
2019-08-06T00:00:00,9750.0,-50.0,311700.0,3011812500.0,AALI
2019-08-07T00:00:00,9800.0,50.0,164700.0,1614675000.0,AALI
2019-08-08T00:00:00,10250.0,450.0,2413500.0,24405142500.0,AALI
2019-08-09T00:00:00,10550.0,300.0,4684200.0,49261867500.0,AALI
2019-08-12T00:00:00,10625.0,75.0,1685100.0,17841422500.0,AALI
2019-08-13T00:00:00,11075.0,450.0,5485700.0,59916747500.0,AALI
2019-08-14T00:00:00,11175.0,100.0,2188800.0,24330895000.0,AALI
2019-08-15T00:00:00,11075.0,-100.0,2610500.0,28701890000.0,AALI
2019-08-16T00:00:00,10950.0,-125.0,2283900.0,24405885000.0,AALI
2019-08-19T00:00:00,10650.0,-300.0,446300.0,4795185000.0,AALI
2019-08-20T00:00:00,10400.0,-250.0,495500.0,5185945000.0,AALI
2019-08-21T00:00:00,10400.0,0.0,566700.0,5889805000.0,AALI
2019-08-22T00:00:00,10575.0,175.0,817600.0,8546597500.0,AALI
2019-08-23T00:00:00,10650.0,75.0,881200.0,9365407500.0,AALI
2019-08-26T00:00:00,10800.0,150.0,2109000.0,22729212500.0,AALI
2019-08-27T00:00:00,10500.0,-300.0,532700.0,5631110000.0,AALI
2019-08-28T00:00:00,10525.0,25.0,279100.0,2943737500.0,AALI
2019-08-29T00:00:00,10500.0,-25.0,835700.0,8777692500.0,AALI
2019-08-30T00:00:00,10500.0,0.0,339100.0,3565050000.0,AALI
2019-09-02T00:00:00,10500.0,0.0,598600.0,6298075000.0,AALI
2019-09-03T00:00:00,10525.0,25.0,793300.0,8386442500.0,AALI
2019-09-04T00:00:00,10450.0,-75.0,309500.0,3237552500.0,AALI
2019-09-05T00:00:00,10400.0,-50.0,553100.0,5781677500.0,AALI
2019-09-06T00:00:00,10400.0,0.0,280800.0,2919970000.0,AALI
2019-09-09T00:00:00,10350.0,-50.0,258500.0,2682760000.0,AALI
2019-09-10T00:00:00,10500.0,150.0,451800.0,4737477500.0,AALI
2019-09-11T00:00:00,10500.0,0.0,229600.0,2413292500.0,AALI
2019-09-12T00:00:00,10325.0,-175.0,336500.0,3519820000.0,AALI
2019-09-13T00:00:00,10475.0,150.0,465800.0,4894857500.0,AALI
2019-09-16T00:00:00,10700.0,225.0,902500.0,9606430000.0,AALI
2019-09-17T00:00:00,11350.0,650.0,5409800.0,60344395000.0,AALI
2019-09-18T00:00:00,11225.0,-125.0,1110000.0,12336170000.0,AALI
2019-09-19T00:00:00,10925.0,-300.0,405200.0,4462275000.0,AALI
2019-09-20T00:00:00,10925.0,0.0,992500.0,10894125000.0,AALI
2019-09-23T00:00:00,10800.0,-125.0,252700.0,2728325000.0,AALI
2019-09-24T00:00:00,10425.0,-375.0,587200.0,6171527500.0,AALI
2019-09-25T00:00:00,10700.0,275.0,539600.0,5738655000.0,AALI
2019-09-26T00:00:00,10750.0,50.0,477200.0,5128737500.0,AALI
2019-09-27T00:00:00,10550.0,-200.0,132200.0,1412035000.0,AALI
2019-09-30T00:00:00,10775.0,225.0,205600.0,2203587500.0,AALI
2019-10-01T00:00:00,10975.0,200.0,1220200.0,13336115000.0,AALI
2019-10-02T00:00:00,10975.0,0.0,879500.0,9683305000.0,AALI
2019-10-03T00:00:00,10975.0,0.0,317000.0,3441262500.0,AALI
2019-10-04T00:00:00,10750.0,-225.0,317700.0,3418705000.0,AALI
2019-10-07T00:00:00,10725.0,-25.0,60400.0,648160000.0,AALI
2019-10-08T00:00:00,10750.0,25.0,416400.0,4508317500.0,AALI
2019-10-09T00:00:00,10925.0,175.0,447200.0,4847945000.0,AALI
2019-10-10T00:00:00,10875.0,-50.0,235000.0,2559447500.0,AALI
2019-10-11T00:00:00,10725.0,-150.0,230800.0,2489422500.0,AALI
2019-10-14T00:00:00,10650.0,-75.0,227500.0,2444497500.0,AALI
2019-10-15T00:00:00,10600.0,-50.0,385200.0,4079232500.0,AALI
2019-10-16T00:00:00,10500.0,-100.0,588300.0,6215837500.0,AALI
2019-10-17T00:00:00,10575.0,75.0,329600.0,3510175000.0,AALI
2019-10-18T00:00:00,10150.0,-425.0,793400.0,8146727500.0,AALI
2019-10-21T00:00:00,10300.0,150.0,564800.0,5829737500.0,AALI
2019-10-22T00:00:00,10400.0,100.0,638600.0,6649310000.0,AALI
2019-10-23T00:00:00,10700.0,300.0,1551700.0,16620232500.0,AALI
2019-10-24T00:00:00,11000.0,300.0,1230200.0,13488957500.0,AALI
2019-10-25T00:00:00,10900.0,-100.0,1513000.0,16809125000.0,AALI
2019-10-28T00:00:00,10900.0,0.0,201600.0,2199177500.0,AALI
2019-10-29T00:00:00,11125.0,225.0,666500.0,7390210000.0,AALI
2019-10-30T00:00:00,11350.0,225.0,1311400.0,14802560000.0,AALI
2019-10-31T00:00:00,11425.0,75.0,1553100.0,17771787500.0,AALI
2019-11-01T00:00:00,11325.0,-100.0,514800.0,5792110000.0,AALI
2019-11-04T00:00:00,11700.0,375.0,1267600.0,14661497500.0,AALI
2019-11-05T00:00:00,12400.0,700.0,3155600.0,38617267500.0,AALI
2019-11-06T00:00:00,12300.0,-100.0,1193600.0,14641375000.0,AALI
2019-11-07T00:00:00,12300.0,0.0,1060600.0,13114145000.0,AALI
2019-11-08T00:00:00,12600.0,300.0,1130500.0,14229797500.0,AALI
2019-11-11T00:00:00,12775.0,175.0,1744300.0,22332877500.0,AALI
2019-11-12T00:00:00,12825.0,50.0,1311800.0,16779172500.0,AALI
2019-11-13T00:00:00,12400.0,-425.0,1277700.0,16038612500.0,AALI
2019-11-14T00:00:00,12250.0,-150.0,1884700.0,22982577500.0,AALI
2019-11-15T00:00:00,12200.0,-50.0,812400.0,9904440000.0,AALI
2019-11-18T00:00:00,12425.0,225.0,499500.0,6112637500.0,AALI
2019-11-19T00:00:00,12600.0,175.0,612200.0,7636987500.0,AALI
2019-11-20T00:00:00,13000.0,400.0,1641200.0,21133172500.0,AALI
2019-11-21T00:00:00,13000.0,0.0,1777000.0,23253015000.0,AALI
2019-11-22T00:00:00,13125.0,125.0,889700.0,11639287500.0,AALI
2019-11-25T00:00:00,13200.0,75.0,1015900.0,13437792500.0,AALI
2019-11-26T00:00:00,13000.0,-200.0,714000.0,9175970000.0,AALI
2019-11-27T00:00:00,12125.0,-875.0,1058100.0,13263427500.0,AALI
2019-11-28T00:00:00,12275.0,150.0,430500.0,5285802500.0,AALI
2019-11-29T00:00:00,12600.0,325.0,1472300.0,18427590000.0,AALI
2019-12-02T00:00:00,12800.0,200.0,674400.0,8576757500.0,AALI
2019-12-03T00:00:00,12825.0,25.0,653100.0,8357142500.0,AALI
2019-12-04T00:00:00,12775.0,-50.0,612800.0,7737085000.0,AALI
2019-12-05T00:00:00,13050.0,275.0,647600.0,8353090000.0,AALI
2019-12-06T00:00:00,13575.0,525.0,1663200.0,22268472500.0,AALI
2019-12-09T00:00:00,13700.0,125.0,1361600.0,18681555000.0,AALI
2019-12-10T00:00:00,13500.0,-200.0,1797100.0,23961972500.0,AALI
2019-12-11T00:00:00,13325.0,-175.0,626400.0,8371635000.0,AALI
2019-12-12T00:00:00,13250.0,-75.0,865100.0,11533940000.0,AALI
2019-12-13T00:00:00,13425.0,175.0,441900.0,5967385000.0,AALI
2019-12-16T00:00:00,13400.0,-25.0,782400.0,10388330000.0,AALI
2019-12-17T00:00:00,13600.0,200.0,873700.0,11857682500.0,AALI
2019-12-18T00:00:00,13550.0,-50.0,696000.0,9450795000.0,AALI
2019-12-19T00:00:00,13300.0,-250.0,537700.0,7193232500.0,AALI
2019-12-20T00:00:00,13525.0,225.0,438000.0,5879930000.0,AALI
2019-12-23T00:00:00,13600.0,75.0,837700.0,11377505000.0,AALI
2019-12-26T00:00:00,14100.0,500.0,2010500.0,28105732500.0,AALI
2019-12-27T00:00:00,14500.0,400.0,2557800.0,36861000000.0,AALI
2019-12-30T00:00:00,14575.0,75.0,1202700.0,17437690000.0,AALI
2020-01-02T00:00:00,14025.0,-550.0,799000.0,11451335000.0,AALI
2020-01-03T00:00:00,14100.0,75.0,1282400.0,18194257500.0,AALI
2020-01-06T00:00:00,13500.0,-600.0,1109400.0,15227997500.0,AALI
2020-01-07T00:00:00,13400.0,-100.0,1397200.0,18866090000.0,AALI
2020-01-08T00:00:00,13325.0,-75.0,863000.0,11450497500.0,AALI
2020-01-09T00:00:00,13850.0,525.0,1684800.0,23057677500.0,AALI
2020-01-10T00:00:00,13675.0,-175.0,786000.0,10861032500.0,AALI
2020-01-13T00:00:00,13700.0,25.0,909000.0,12438225000.0,AALI
2020-01-14T00:00:00,13200.0,-500.0,1623200.0,21712682500.0,AALI
2020-01-15T00:00:00,12525.0,-675.0,2131200.0,27233020000.0,AALI
2020-01-16T00:00:00,12675.0,150.0,1389300.0,17735872500.0,AALI
2020-01-17T00:00:00,12875.0,200.0,715700.0,9190395000.0,AALI
2020-01-20T00:00:00,12600.0,-275.0,1476400.0,18612515000.0,AALI
2020-01-21T00:00:00,12350.0,-250.0,785900.0,9761245000.0,AALI
2020-01-22T00:00:00,12425.0,75.0,967100.0,11908282500.0,AALI
2020-01-23T00:00:00,12425.0,0.0,416700.0,5220647500.0,AALI
2020-01-24T00:00:00,12075.0,-350.0,514300.0,6240960000.0,AALI
2020-01-27T00:00:00,11575.0,-500.0,1244400.0,14385647500.0,AALI
2020-01-28T00:00:00,11800.0,225.0,1625300.0,18549932500.0,AALI
2020-01-29T00:00:00,11800.0,0.0,985700.0,11623532500.0,AALI
2020-01-30T00:00:00,11925.0,125.0,1034400.0,12262480000.0,AALI
2020-01-31T00:00:00,11875.0,-50.0,457500.0,5336775000.0,AALI
2020-02-03T00:00:00,11400.0,-475.0,372300.0,4273627500.0,AALI
2020-02-04T00:00:00,11250.0,-150.0,413700.0,4696865000.0,AALI
2020-02-05T00:00:00,11775.0,525.0,946300.0,11037910000.0,AALI
2020-02-06T00:00:00,12125.0,350.0,1293500.0,15623280000.0,AALI
2020-02-07T00:00:00,12050.0,-75.0,635000.0,7609127500.0,AALI
2020-02-10T00:00:00,11450.0,-600.0,906000.0,10554050000.0,AALI
2020-02-11T00:00:00,11600.0,150.0,519900.0,6031372500.0,AALI
2020-02-12T00:00:00,11575.0,-25.0,578200.0,6693155000.0,AALI
2020-02-13T00:00:00,11025.0,-550.0,445700.0,5031817500.0,AALI
2020-02-14T00:00:00,11100.0,75.0,392300.0,4334477500.0,AALI
2020-02-17T00:00:00,11200.0,100.0,246600.0,2762827500.0,AALI
2020-02-18T00:00:00,11100.0,-100.0,298400.0,3336925000.0,AALI
2020-02-19T00:00:00,11200.0,100.0,477800.0,5318045000.0,AALI
2020-02-20T00:00:00,11150.0,-50.0,366600.0,4067055000.0,AALI
2020-02-21T00:00:00,10825.0,-325.0,758300.0,8238810000.0,AALI
2020-02-24T00:00:00,10575.0,-250.0,385300.0,4098835000.0,AALI
2020-02-25T00:00:00,10850.0,275.0,411400.0,4429055000.0,AALI
2020-02-26T00:00:00,10525.0,-325.0,478800.0,5091395000.0,AALI
2020-02-27T00:00:00,10575.0,50.0,424700.0,4371610000.0,AALI
2020-02-28T00:00:00,9800.0,-775.0,1360400.0,13384350000.0,AALI
2020-03-02T00:00:00,9500.0,-300.0,885500.0,8534285000.0,AALI
2020-03-03T00:00:00,9700.0,200.0,1109600.0,10759457500.0,AALI
2020-03-04T00:00:00,9750.0,50.0,1050800.0,10294332500.0,AALI
2020-03-05T00:00:00,9950.0,200.0,1220200.0,12238087500.0,AALI
2020-03-06T00:00:00,9700.0,-250.0,373600.0,3641795000.0,AALI
2020-03-09T00:00:00,8200.0,-1500.0,2545000.0,21727195000.0,AALI
2020-03-10T00:00:00,8100.0,-100.0,1649500.0,13437125000.0,AALI
2020-03-11T00:00:00,7600.0,-500.0,1746400.0,13735915000.0,AALI
2020-03-12T00:00:00,6850.0,-750.0,1683700.0,11650717500.0,AALI
2020-03-13T00:00:00,6375.0,-475.0,4741800.0,30725322500.0,AALI
2020-03-16T00:00:00,5950.0,-425.0,1812900.0,10890012500.0,AALI
2020-03-17T00:00:00,5550.0,-400.0,2308900.0,12883755000.0,AALI
2020-03-18T00:00:00,5175.0,-375.0,2083100.0,11137135000.0,AALI
2020-03-19T00:00:00,4820.0,-355.0,817100.0,3941537000.0,AALI
2020-03-20T00:00:00,4730.0,-90.0,2190300.0,10177165000.0,AALI
2020-03-23T00:00:00,4400.0,-330.0,2447600.0,10964953000.0,AALI
2020-03-24T00:00:00,4290.0,-110.0,2796400.0,12218112000.0,AALI
2020-03-26T00:00:00,5200.0,910.0,5844200.0,29490147000.0,AALI
2020-03-27T00:00:00,5500.0,300.0,6290600.0,35856860000.0,AALI
2020-03-30T00:00:00,5150.0,-350.0,3029300.0,15569960000.0,AALI
2020-03-31T00:00:00,5400.0,250.0,1993400.0,10706917500.0,AALI
2020-04-01T00:00:00,5275.0,-125.0,2977400.0,16304552500.0,AALI
2020-04-02T00:00:00,5325.0,50.0,3265800.0,17293682500.0,AALI
2020-04-03T00:00:00,5550.0,225.0,4638200.0,25545715000.0,AALI
2020-04-06T00:00:00,6050.0,500.0,4749900.0,27895150000.0,AALI
2020-04-07T00:00:00,6600.0,550.0,5639100.0,36057760000.0,AALI
2020-04-08T00:00:00,6400.0,-200.0,4360200.0,28028397500.0,AALI
2020-04-09T00:00:00,6400.0,0.0,2795900.0,18109142500.0,AALI
2020-04-13T00:00:00,6525.0,125.0,1605900.0,10452595000.0,AALI
2020-04-14T00:00:00,6700.0,175.0,1034500.0,6856575000.0,AALI
2020-04-15T00:00:00,6700.0,0.0,3230500.0,22265690000.0,AALI
2020-04-16T00:00:00,6325.0,-375.0,2499400.0,16084972500.0,AALI
2020-04-17T00:00:00,6575.0,250.0,2018400.0,13173775000.0,AALI
2020-04-20T00:00:00,6550.0,-25.0,2862300.0,18891705000.0,AALI
2020-04-21T00:00:00,6100.0,-450.0,4120800.0,25326070000.0,AALI
2020-04-22T00:00:00,5675.0,-425.0,4959900.0,28490982500.0,AALI
2020-04-23T00:00:00,5675.0,0.0,2129100.0,12213697500.0,AALI
2020-04-24T00:00:00,5475.0,-200.0,2346300.0,13074240000.0,AALI
2020-04-27T00:00:00,5550.0,75.0,1654700.0,9115240000.0,AALI
2020-04-28T00:00:00,5975.0,425.0,6823600.0,40105345000.0,AALI
2020-04-29T00:00:00,6000.0,25.0,3138600.0,19026937500.0,AALI
2020-04-30T00:00:00,6100.0,100.0,3196900.0,19674150000.0,AALI
2020-05-04T00:00:00,6050.0,-50.0,1634900.0,9806427500.0,AALI
2020-05-05T00:00:00,6300.0,250.0,3451500.0,21716445000.0,AALI
2020-05-06T00:00:00,6325.0,25.0,1777700.0,11311545000.0,AALI
2020-05-08T00:00:00,6275.0,-50.0,1649000.0,10494840000.0,AALI
2020-05-11T00:00:00,6725.0,450.0,5343500.0,35089075000.0,AALI
2020-05-12T00:00:00,6275.0,-450.0,5403300.0,34578775000.0,AALI
2020-05-13T00:00:00,6250.0,-25.0,3301500.0,20432305000.0,AALI
2020-05-14T00:00:00,6100.0,-150.0,1886400.0,11633912500.0,AALI
2020-05-15T00:00:00,6200.0,100.0,1759500.0,10859032500.0,AALI
2020-05-18T00:00:00,6350.0,150.0,2141400.0,13538952500.0,AALI
2020-05-19T00:00:00,6525.0,175.0,4563900.0,29692077500.0,AALI
2020-05-20T00:00:00,6550.0,25.0,1546500.0,10089535000.0,AALI
2020-05-26T00:00:00,6825.0,275.0,2588600.0,17378825000.0,AALI
2020-05-27T00:00:00,6975.0,150.0,3214700.0,22141395000.0,AALI
2020-05-28T00:00:00,7225.0,250.0,3579300.0,26049480000.0,AALI
2020-05-29T00:00:00,7400.0,175.0,11900200.0,87790895000.0,AALI
2020-06-02T00:00:00,7350.0,-50.0,2695200.0,20021212500.0,AALI
2020-06-03T00:00:00,7700.0,350.0,3576400.0,27003525000.0,AALI
2020-06-04T00:00:00,7875.0,175.0,2815100.0,22052250000.0,AALI
2020-06-05T00:00:00,7850.0,-25.0,1053100.0,8234865000.0,AALI
2020-06-08T00:00:00,8375.0,525.0,2582700.0,21409910000.0,AALI
2020-06-09T00:00:00,8900.0,525.0,3280500.0,28667555000.0,AALI
2020-06-10T00:00:00,8600.0,-300.0,3422800.0,29970205000.0,AALI
2020-06-11T00:00:00,8550.0,-50.0,2373900.0,20280792500.0,AALI
2020-06-12T00:00:00,8275.0,-275.0,2577200.0,21167232500.0,AALI
2020-06-15T00:00:00,7925.0,-350.0,2403600.0,19404047500.0,AALI
2020-06-16T00:00:00,8475.0,550.0,1608600.0,13422622500.0,AALI
2020-06-17T00:00:00,8650.0,175.0,1580500.0,13534402500.0,AALI
2020-06-18T00:00:00,8550.0,-100.0,891100.0,7642900000.0,AALI
2020-06-19T00:00:00,8400.0,-150.0,1205800.0,10231290000.0,AALI
2020-06-22T00:00:00,8650.0,250.0,2445000.0,21275617500.0,AALI
2020-06-23T00:00:00,8825.0,175.0,1839800.0,16248382500.0,AALI
2020-06-24T00:00:00,8775.0,-50.0,1614200.0,14335302500.0,AALI
2020-06-25T00:00:00,8450.0,-325.0,1994200.0,16922107500.0,AALI
2020-06-26T00:00:00,8425.0,-25.0,882300.0,7469197500.0,AALI
2020-06-29T00:00:00,8200.0,-225.0,1494400.0,12304800000.0,AALI
2020-06-30T00:00:00,8225.0,25.0,743000.0,6153407500.0,AALI
2020-07-01T00:00:00,8325.0,100.0,554900.0,4597182500.0,AALI
2020-07-02T00:00:00,8450.0,125.0,1235500.0,10389362500.0,AALI
2020-07-03T00:00:00,8550.0,100.0,1151800.0,9826680000.0,AALI
2020-07-06T00:00:00,8600.0,50.0,1703600.0,14651590000.0,AALI
2020-07-07T00:00:00,8700.0,100.0,1707800.0,14886652500.0,AALI
2020-07-08T00:00:00,8650.0,-50.0,1065500.0,9191505000.0,AALI
2020-07-09T00:00:00,8675.0,25.0,897200.0,7815897500.0,AALI
2020-07-10T00:00:00,8475.0,-200.0,798700.0,6800702500.0,AALI
2020-07-13T00:00:00,8575.0,100.0,1015400.0,8695460000.0,AALI
2020-07-14T00:00:00,8575.0,0.0,2109100.0,17887960000.0,AALI
2020-07-15T00:00:00,8850.0,275.0,7281300.0,64989562500.0,AALI
2020-07-16T00:00:00,8975.0,125.0,3569300.0,32183892500.0,AALI
2020-07-17T00:00:00,9175.0,200.0,3210300.0,29333222500.0,AALI
2020-07-20T00:00:00,9425.0,250.0,7873200.0,75343435000.0,AALI
2020-07-21T00:00:00,9550.0,125.0,3280700.0,31168737500.0,AALI
2020-07-22T00:00:00,9475.0,-75.0,2662800.0,25471945000.0,AALI
2020-07-23T00:00:00,9425.0,-50.0,2523000.0,23802690000.0,AALI
2020-07-24T00:00:00,9375.0,-50.0,2017000.0,18905877500.0,AALI
2020-07-27T00:00:00,9400.0,25.0,1525500.0,14475030000.0,AALI
2020-07-28T00:00:00,9300.0,-100.0,1451500.0,13530420000.0,AALI
2020-07-29T00:00:00,9700.0,400.0,4891100.0,46795467500.0,AALI
2020-07-30T00:00:00,9700.0,0.0,4630200.0,45653320000.0,AALI
2020-08-03T00:00:00,9550.0,-150.0,4558600.0,42949937500.0,AALI
2020-08-04T00:00:00,9700.0,150.0,1863000.0,18007460000.0,AALI
2020-08-05T00:00:00,9750.0,50.0,2306100.0,22279050000.0,AALI
2020-08-06T00:00:00,9700.0,-50.0,1413500.0,13787030000.0,AALI
2020-08-07T00:00:00,9750.0,50.0,6247200.0,62126672500.0,AALI
2020-08-10T00:00:00,10125.0,375.0,3044700.0,30189102500.0,AALI
2020-08-11T00:00:00,10175.0,50.0,2096800.0,21260685000.0,AALI
2020-08-12T00:00:00,10000.0,-175.0,2736100.0,27439772500.0,AALI
2020-08-13T00:00:00,10150.0,150.0,2707700.0,27719002500.0,AALI
2020-08-14T00:00:00,10275.0,125.0,1581600.0,16211562500.0,AALI
2020-08-18T00:00:00,10225.0,-50.0,2324900.0,23788157500.0,AALI
2020-08-19T00:00:00,10225.0,0.0,2103400.0,21521297500.0,AALI
2020-08-24T00:00:00,9950.0,-275.0,5200900.0,52093342500.0,AALI
2020-08-25T00:00:00,9975.0,25.0,1357200.0,13571157500.0,AALI
2020-08-26T00:00:00,10075.0,100.0,1064700.0,10667855000.0,AALI
2020-08-27T00:00:00,10025.0,-50.0,787200.0,7911500000.0,AALI
2020-08-28T00:00:00,10125.0,100.0,1086500.0,10978340000.0,AALI
2020-08-31T00:00:00,10175.0,50.0,2773000.0,28009787500.0,AALI
2020-09-01T00:00:00,10400.0,225.0,2963100.0,30374645000.0,AALI
2020-09-02T00:00:00,11000.0,600.0,6849400.0,73292080000.0,AALI
2020-09-03T00:00:00,11200.0,200.0,4751000.0,53083070000.0,AALI
2020-09-04T00:00:00,11225.0,25.0,2690900.0,29908000000.0,AALI
2020-09-07T00:00:00,11375.0,150.0,2321700.0,26435872500.0,AALI
2020-09-08T00:00:00,11200.0,-175.0,1518200.0,17010880000.0,AALI
2020-09-09T00:00:00,10525.0,-675.0,4255500.0,45841595000.0,AALI
2020-09-10T00:00:00,9825.0,-700.0,4807400.0,47757645000.0,AALI
2020-09-11T00:00:00,10450.0,625.0,4109600.0,42468970000.0,AALI
2020-09-14T00:00:00,10975.0,525.0,3318700.0,36218290000.0,AALI
2020-09-15T00:00:00,10925.0,-50.0,2413100.0,26410285000.0,AALI
2020-09-16T00:00:00,10800.0,-125.0,1140400.0,12372160000.0,AALI
2020-09-17T00:00:00,10800.0,0.0,3875500.0,42412542500.0,AALI
2020-09-18T00:00:00,10075.0,-725.0,4945400.0,52508727500.0,AALI
2020-09-21T00:00:00,10650.0,575.0,4654000.0,49779092500.0,AALI
2020-09-22T00:00:00,10375.0,-275.0,1806900.0,18768462500.0,AALI
2020-09-23T00:00:00,10200.0,-175.0,2620000.0,26686097500.0,AALI
2020-09-24T00:00:00,9750.0,-450.0,2576000.0,25413445000.0,AALI
2020-09-25T00:00:00,9975.0,225.0,1762400.0,17474340000.0,AALI
2020-09-28T00:00:00,9825.0,-150.0,1280600.0,12732220000.0,AALI
2020-09-29T00:00:00,9800.0,-25.0,956700.0,9456232500.0,AALI
2020-09-30T00:00:00,10175.0,375.0,1532300.0,15311405000.0,AALI
2020-10-01T00:00:00,10675.0,500.0,3496700.0,36606497500.0,AALI
2020-10-02T00:00:00,10500.0,-175.0,1504300.0,15702390000.0,AALI
2020-10-05T00:00:00,10475.0,-25.0,759800.0,7940580000.0,AALI
2020-10-06T00:00:00,10425.0,-50.0,712300.0,7471162500.0,AALI
2020-10-07T00:00:00,10375.0,-50.0,755900.0,7858647500.0,AALI
2020-10-08T00:00:00,10675.0,300.0,1173100.0,12420212500.0,AALI
2020-10-09T00:00:00,10925.0,250.0,1655400.0,17837947500.0,AALI
2020-10-12T00:00:00,11100.0,175.0,1935200.0,21450192500.0,AALI
2020-10-13T00:00:00,11125.0,25.0,1704500.0,18880457500.0,AALI
2020-10-14T00:00:00,11050.0,-75.0,1069100.0,11796405000.0,AALI
2020-10-15T00:00:00,10950.0,-100.0,1252200.0,13739300000.0,AALI
2020-10-16T00:00:00,11000.0,50.0,1152600.0,12530887500.0,AALI
2020-10-19T00:00:00,10875.0,-125.0,456600.0,4991922500.0,AALI
2020-10-20T00:00:00,10825.0,-50.0,694000.0,7502752500.0,AALI
2020-10-21T00:00:00,10750.0,-75.0,900100.0,9783607500.0,AALI
2020-10-22T00:00:00,10350.0,-400.0,1901900.0,19933382500.0,AALI
2020-10-23T00:00:00,10475.0,125.0,1070200.0,11213395000.0,AALI
2020-10-26T00:00:00,10550.0,75.0,1516000.0,16024612500.0,AALI
2020-10-27T00:00:00,10875.0,325.0,4892200.0,53723932500.0,AALI
2020-11-02T00:00:00,10600.0,-275.0,1615800.0,17241215000.0,AALI
2020-11-03T00:00:00,10750.0,150.0,1095300.0,11824642500.0,AALI
2020-11-04T00:00:00,10550.0,-200.0,1084700.0,11589510000.0,AALI
2020-11-05T00:00:00,10775.0,225.0,2099600.0,22662007500.0,AALI
2020-11-06T00:00:00,10900.0,125.0,4071800.0,44266647500.0,AALI
2020-11-09T00:00:00,10700.0,-200.0,3496400.0,37815270000.0,AALI
2020-11-10T00:00:00,10775.0,75.0,2392100.0,25903750000.0,AALI
2020-11-11T00:00:00,10750.0,-25.0,3286800.0,35719177500.0,AALI
2020-11-12T00:00:00,11100.0,350.0,6661800.0,73998477500.0,AALI
2020-11-13T00:00:00,11150.0,50.0,1932600.0,21606917500.0,AALI
2020-11-16T00:00:00,11175.0,25.0,2597800.0,28960475000.0,AALI
2020-11-17T00:00:00,10975.0,-200.0,3592600.0,39703617500.0,AALI
2020-11-18T00:00:00,10950.0,-25.0,1620900.0,17840077500.0,AALI
2020-11-19T00:00:00,10975.0,25.0,2141300.0,23580422500.0,AALI
2020-11-20T00:00:00,11000.0,25.0,4112100.0,45651085000.0,AALI
2020-11-23T00:00:00,10975.0,-25.0,1841700.0,20203197500.0,AALI
2020-11-24T00:00:00,11025.0,50.0,1886800.0,20827677500.0,AALI
2020-11-25T00:00:00,10800.0,-225.0,3182800.0,34779505000.0,AALI
2020-11-26T00:00:00,10850.0,50.0,1693400.0,18396465000.0,AALI
2020-11-27T00:00:00,11650.0,800.0,11051800.0,126429302500.0,AALI
2020-11-30T00:00:00,12325.0,675.0,10991900.0,133449772500.0,AALI
2020-12-01T00:00:00,12100.0,-225.0,2671200.0,32139997500.0,AALI
2020-12-02T00:00:00,12100.0,0.0,1725900.0,20817555000.0,AALI
2020-12-03T00:00:00,12100.0,0.0,3915100.0,47895645000.0,AALI
2020-12-04T00:00:00,11675.0,-425.0,4826900.0,56411280000.0,AALI
2020-12-07T00:00:00,12075.0,400.0,4182500.0,50414457500.0,AALI
2020-12-08T00:00:00,11925.0,-150.0,2648400.0,31681747500.0,AALI
2020-12-10T00:00:00,11825.0,-100.0,2656900.0,31531210000.0,AALI
2020-12-11T00:00:00,11900.0,75.0,1174100.0,14013215000.0,AALI
2020-12-14T00:00:00,11825.0,-75.0,2554200.0,30480047500.0,AALI
2020-12-15T00:00:00,11850.0,25.0,2048700.0,24374805000.0,AALI
2020-12-16T00:00:00,12100.0,250.0,3830100.0,46141142500.0,AALI
2020-12-17T00:00:00,11850.0,-250.0,3277800.0,39326940000.0,AALI
2020-12-18T00:00:00,12075.0,225.0,2637600.0,31355452500.0,AALI
2020-12-21T00:00:00,12075.0,0.0,4705100.0,57307755000.0,AALI
2020-12-22T00:00:00,11725.0,-350.0,3276200.0,38829757500.0,AALI
2020-12-23T00:00:00,11500.0,-225.0,3293200.0,37852732500.0,AALI
2020-12-28T00:00:00,12250.0,750.0,6922800.0,83711512500.0,AALI
2020-12-29T00:00:00,12100.0,-150.0,3184200.0,38975812500.0,AALI
2020-12-30T00:00:00,12325.0,225.0,3630900.0,44054730000.0,AALI
2021-01-04T00:00:00,13075.0,750.0,7612600.0,97245612500.0,AALI
2021-01-05T00:00:00,13000.0,-75.0,3592500.0,46851290000.0,AALI
2021-01-06T00:00:00,12750.0,-250.0,5823000.0,74990907500.0,AALI
2021-01-07T00:00:00,12975.0,225.0,5606800.0,72835012500.0,AALI
2021-01-08T00:00:00,13000.0,25.0,4059700.0,52695982500.0,AALI
2021-01-11T00:00:00,12700.0,-300.0,3662600.0,47210752500.0,AALI
2021-01-12T00:00:00,12475.0,-225.0,2594900.0,32499067500.0,AALI
2021-01-13T00:00:00,12300.0,-175.0,3961000.0,48933720000.0,AALI
2021-01-14T00:00:00,12400.0,100.0,6309900.0,78145302500.0,AALI
2021-01-15T00:00:00,12100.0,-300.0,5405200.0,66102000000.0,AALI
2021-01-18T00:00:00,11625.0,-475.0,5769300.0,68046947500.0,AALI
2021-01-19T00:00:00,11700.0,75.0,6035600.0,70717057500.0,AALI
2021-01-20T00:00:00,11800.0,100.0,4327900.0,51109095000.0,AALI
2021-01-21T00:00:00,11825.0,25.0,4432300.0,52618322500.0,AALI
2021-01-22T00:00:00,11650.0,-175.0,6150900.0,72324417500.0,AALI
2021-01-25T00:00:00,11175.0,-475.0,3776100.0,42608787500.0,AALI
2021-01-26T00:00:00,10900.0,-275.0,3119700.0,34616542500.0,AALI
2021-01-27T00:00:00,11500.0,600.0,2947800.0,33103422500.0,AALI
2021-01-28T00:00:00,11050.0,-450.0,2939800.0,33114617500.0,AALI
2021-01-29T00:00:00,11175.0,125.0,2663600.0,29570767500.0,AALI
2021-02-01T00:00:00,11500.0,325.0,2676700.0,30188537500.0,AALI
2021-02-02T00:00:00,11150.0,-350.0,3231000.0,37152960000.0,AALI
2021-02-03T00:00:00,11000.0,-150.0,2163400.0,23959382500.0,AALI
2021-02-04T00:00:00,10950.0,-50.0,1184300.0,12987930000.0,AALI
2021-02-05T00:00:00,11200.0,250.0,1920900.0,21526312500.0,AALI
2021-02-08T00:00:00,11300.0,100.0,891700.0,10068927500.0,AALI
2021-02-09T00:00:00,11450.0,150.0,2679400.0,30683390000.0,AALI
2021-02-10T00:00:00,11450.0,0.0,1248400.0,14274315000.0,AALI
2021-02-11T00:00:00,11325.0,-125.0,707700.0,8042922500.0,AALI
2021-02-15T00:00:00,11200.0,-125.0,942500.0,10627302500.0,AALI
2021-02-16T00:00:00,11350.0,150.0,2032900.0,23257435000.0,AALI
2021-02-17T00:00:00,11025.0,-325.0,2389200.0,26591167500.0,AALI
2021-02-18T00:00:00,11050.0,25.0,661700.0,7348800000.0,AALI
2021-02-19T00:00:00,10925.0,-125.0,802500.0,8807820000.0,AALI
2021-02-22T00:00:00,11025.0,100.0,432100.0,4754425000.0,AALI
2021-02-23T00:00:00,10975.0,-50.0,601300.0,6602232500.0,AALI
2021-02-24T00:00:00,11325.0,350.0,3083000.0,34343232500.0,AALI
2021-02-25T00:00:00,11325.0,0.0,3336600.0,38180580000.0,AALI
2021-02-26T00:00:00,11250.0,-75.0,3136100.0,34749560000.0,AALI
2021-03-01T00:00:00,11250.0,0.0,1253700.0,14086375000.0,AALI
2021-03-02T00:00:00,11050.0,-200.0,1108800.0,12321330000.0,AALI
2021-03-03T00:00:00,10975.0,-75.0,1196100.0,13148547500.0,AALI
2021-03-04T00:00:00,10950.0,-25.0,767700.0,8422477500.0,AALI
2021-03-05T00:00:00,10850.0,-100.0,1541800.0,16692545000.0,AALI
2021-03-08T00:00:00,11175.0,325.0,2078600.0,23155325000.0,AALI
2021-03-09T00:00:00,11125.0,-50.0,2210700.0,24832592500.0,AALI
2021-03-10T00:00:00,11000.0,-125.0,701600.0,7748217500.0,AALI
2021-03-12T00:00:00,11300.0,300.0,4875600.0,55618482500.0,AALI
2021-03-15T00:00:00,11375.0,75.0,3955900.0,45800547500.0,AALI
2021-03-16T00:00:00,11200.0,-175.0,1297100.0,14636292500.0,AALI
2021-03-17T00:00:00,11050.0,-150.0,1008500.0,11149812500.0,AALI
2021-03-18T00:00:00,11050.0,0.0,1361800.0,15079510000.0,AALI
2021-03-19T00:00:00,10850.0,-200.0,3714100.0,40500262500.0,AALI
2021-03-22T00:00:00,10800.0,-50.0,1960900.0,21238057500.0,AALI
2021-03-23T00:00:00,10850.0,50.0,1369400.0,14867617500.0,AALI
2021-03-24T00:00:00,10650.0,-200.0,1461500.0,15680885000.0,AALI
2021-03-25T00:00:00,10650.0,0.0,699700.0,7439167500.0,AALI
2021-03-26T00:00:00,10775.0,125.0,809900.0,8720840000.0,AALI
2021-03-29T00:00:00,10600.0,-175.0,539300.0,5775475000.0,AALI
2021-03-30T00:00:00,10175.0,-425.0,2156900.0,22251997500.0,AALI
2021-03-31T00:00:00,10025.0,-150.0,1804500.0,18104740000.0,AALI
2021-04-01T00:00:00,10300.0,275.0,937400.0,9582877500.0,AALI
2021-04-05T00:00:00,10300.0,0.0,497300.0,5115432500.0,AALI
2021-04-06T00:00:00,10300.0,0.0,557300.0,5775827500.0,AALI
2021-04-07T00:00:00,10300.0,0.0,327900.0,3387305000.0,AALI
2021-04-08T00:00:00,10200.0,-100.0,1439800.0,14590945000.0,AALI
2021-04-09T00:00:00,10200.0,0.0,369800.0,3776767500.0,AALI
2021-04-12T00:00:00,9975.0,-225.0,1258900.0,12607770000.0,AALI
2021-04-13T00:00:00,9825.0,-150.0,1564800.0,15451690000.0,AALI
2021-04-14T00:00:00,9975.0,150.0,879400.0,8742690000.0,AALI
2021-04-15T00:00:00,9975.0,0.0,840600.0,8417977500.0,AALI
2021-04-16T00:00:00,9950.0,-25.0,684100.0,6817552500.0,AALI
2021-04-19T00:00:00,9700.0,-250.0,3439700.0,33739545000.0,AALI
2021-04-20T00:00:00,9525.0,-175.0,3833800.0,36696360000.0,AALI
2021-04-21T00:00:00,9800.0,275.0,2330000.0,22640987500.0,AALI
2021-04-22T00:00:00,9475.0,-325.0,6950800.0,66006707500.0,AALI
2021-04-23T00:00:00,9425.0,-50.0,1625400.0,15322690000.0,AALI
2021-04-26T00:00:00,9275.0,-150.0,1747700.0,16273317500.0,AALI
2021-04-27T00:00:00,9350.0,75.0,3259800.0,30070702500.0,AALI
2021-04-28T00:00:00,9300.0,-50.0,980600.0,9178715000.0,AALI
2021-04-29T00:00:00,9275.0,-25.0,1141000.0,10606962500.0,AALI
2021-04-30T00:00:00,9325.0,50.0,3347100.0,31425077500.0,AALI
2021-05-03T00:00:00,9425.0,100.0,1068900.0,9986345000.0,AALI
2021-05-04T00:00:00,9675.0,250.0,3141300.0,30213950000.0,AALI
2021-05-05T00:00:00,9950.0,275.0,3402600.0,33617170000.0,AALI
2021-05-06T00:00:00,9750.0,-200.0,1053900.0,10361735000.0,AALI
2021-05-07T00:00:00,9725.0,-25.0,1115600.0,10921307500.0,AALI
2021-05-10T00:00:00,10450.0,725.0,8025300.0,81124850000.0,AALI
2021-05-11T00:00:00,10150.0,-300.0,3557200.0,36153332500.0,AALI
2021-05-17T00:00:00,10000.0,-150.0,3934400.0,39472267500.0,AALI
2021-05-18T00:00:00,10000.0,0.0,2070500.0,20657597500.0,AALI
2021-05-19T00:00:00,9775.0,-225.0,2121300.0,20965882500.0,AALI
2021-05-20T00:00:00,9875.0,100.0,2645100.0,26044727500.0,AALI
2021-05-21T00:00:00,9400.0,-475.0,1930800.0,18420642500.0,AALI
2021-05-22T00:00:00,10000.0,600.0,600.0,5725000.0,AALI
2021-05-24T00:00:00,8800.0,-600.0,5672800.0,50876292500.0,AALI
2021-05-25T00:00:00,8775.0,-25.0,4923400.0,43890950000.0,AALI
2021-05-27T00:00:00,8825.0,50.0,1860900.0,16490987500.0,AALI
2021-05-28T00:00:00,8775.0,-50.0,1072200.0,9444245000.0,AALI
2021-05-31T00:00:00,8825.0,50.0,791400.0,7005672500.0,AALI
2021-06-02T00:00:00,9075.0,250.0,2188500.0,19736967500.0,AALI
2021-06-03T00:00:00,9200.0,125.0,2495200.0,23020107500.0,AALI
2021-06-04T00:00:00,9175.0,-25.0,1298300.0,11915720000.0,AALI
2021-06-07T00:00:00,9125.0,-50.0,1377700.0,12653895000.0,AALI
2021-06-08T00:00:00,8875.0,-250.0,2981000.0,26563937500.0,AALI
2021-06-09T00:00:00,8900.0,25.0,691400.0,6164367500.0,AALI
2021-06-10T00:00:00,8925.0,25.0,750800.0,6692305000.0,AALI
2021-06-11T00:00:00,8900.0,-25.0,930000.0,8312657500.0,AALI
2021-06-14T00:00:00,8500.0,-400.0,5724100.0,49434920000.0,AALI
2021-06-15T00:00:00,8300.0,-200.0,3508100.0,29194492500.0,AALI
2021-06-16T00:00:00,8400.0,100.0,2307700.0,19379465000.0,AALI
2021-06-17T00:00:00,8275.0,-125.0,1059400.0,8778562500.0,AALI
2021-06-18T00:00:00,8025.0,-250.0,2083000.0,16922062500.0,AALI
2021-06-21T00:00:00,7800.0,-225.0,2400400.0,18706720000.0,AALI
2021-06-22T00:00:00,8050.0,250.0,1783900.0,14468012500.0,AALI
2021-06-23T00:00:00,7775.0,-275.0,3520300.0,27699935000.0,AALI
2021-06-24T00:00:00,7650.0,-125.0,1806500.0,13944792500.0,AALI
2021-06-25T00:00:00,7800.0,150.0,923000.0,7157252500.0,AALI
2021-06-28T00:00:00,7575.0,-225.0,2068500.0,15863722500.0,AALI
2021-06-29T00:00:00,7600.0,25.0,1037900.0,7955650000.0,AALI
2021-06-30T00:00:00,7600.0,0.0,1311400.0,10052712500.0,AALI
2021-07-01T00:00:00,7850.0,250.0,2234000.0,17541020000.0,AALI
2021-07-02T00:00:00,7850.0,0.0,1935900.0,15260332500.0,AALI
2021-07-05T00:00:00,7750.0,-100.0,3541300.0,27896370000.0,AALI
2021-07-06T00:00:00,7875.0,125.0,1169500.0,9186292500.0,AALI
2021-07-07T00:00:00,7725.0,-150.0,1326100.0,10285247500.0,AALI
2021-07-08T00:00:00,7575.0,-150.0,1858700.0,14170992500.0,AALI
2021-07-09T00:00:00,7575.0,0.0,2225800.0,16815470000.0,AALI
2019-07-29T00:00:00,895.0,5.0,63726900.0,57320743000.0,ANTM
2019-07-30T00:00:00,935.0,40.0,84114000.0,78058671000.0,ANTM
2019-07-31T00:00:00,935.0,0.0,48705800.0,45649342500.0,ANTM
2019-08-01T00:00:00,925.0,-10.0,46309500.0,43027395500.0,ANTM
2019-08-02T00:00:00,900.0,-25.0,100773500.0,90954401500.0,ANTM
2019-08-05T00:00:00,860.0,-40.0,83532300.0,73286013000.0,ANTM
2019-08-06T00:00:00,940.0,80.0,247604900.0,225619187000.0,ANTM
2019-08-07T00:00:00,1005.0,65.0,487598800.0,486525378000.0,ANTM
2019-08-08T00:00:00,1020.0,15.0,257680900.0,269092790500.0,ANTM
2019-08-09T00:00:00,1065.0,45.0,240007000.0,252514027500.0,ANTM
2019-08-12T00:00:00,1035.0,-30.0,179863500.0,189444785500.0,ANTM
2019-08-13T00:00:00,1065.0,30.0,175124700.0,187024896500.0,ANTM
2019-08-14T00:00:00,1110.0,45.0,323676500.0,354792921500.0,ANTM
2019-08-15T00:00:00,1120.0,10.0,195784600.0,218198838500.0,ANTM
2019-08-16T00:00:00,1120.0,0.0,141043100.0,160213660000.0,ANTM
2019-08-19T00:00:00,1085.0,-35.0,85735700.0,94206001000.0,ANTM
2019-08-20T00:00:00,1050.0,-35.0,117148500.0,123397078000.0,ANTM
2019-08-21T00:00:00,1070.0,20.0,151189900.0,160028781500.0,ANTM
2019-08-22T00:00:00,1040.0,-30.0,65051200.0,68698673500.0,ANTM
2019-08-23T00:00:00,1015.0,-25.0,87934800.0,89963736000.0,ANTM
2019-08-26T00:00:00,1030.0,15.0,147239400.0,152732096000.0,ANTM
2019-08-27T00:00:00,1020.0,-10.0,69950500.0,72105120000.0,ANTM
2019-08-28T00:00:00,1050.0,30.0,102409700.0,106695076000.0,ANTM
2019-08-29T00:00:00,1055.0,5.0,161352000.0,172388012500.0,ANTM
2019-08-30T00:00:00,1070.0,15.0,100688800.0,107245657000.0,ANTM
2019-09-02T00:00:00,1170.0,100.0,380923500.0,436805263500.0,ANTM
2019-09-03T00:00:00,1110.0,-60.0,184669600.0,209361563500.0,ANTM
2019-09-04T00:00:00,1100.0,-10.0,108867300.0,121495332500.0,ANTM
2019-09-05T00:00:00,1100.0,0.0,109971500.0,121013146500.0,ANTM
2019-09-06T00:00:00,1075.0,-25.0,70609200.0,76476537000.0,ANTM
2019-09-09T00:00:00,1120.0,45.0,153116500.0,170249484500.0,ANTM
2019-09-10T00:00:00,1130.0,10.0,202036800.0,229909425000.0,ANTM
2019-09-11T00:00:00,1125.0,-5.0,65474500.0,73759474000.0,ANTM
2019-09-12T00:00:00,1120.0,-5.0,59565600.0,67051769500.0,ANTM
2019-09-13T00:00:00,1070.0,-50.0,128241500.0,138943675000.0,ANTM
2019-09-16T00:00:00,1050.0,-20.0,95702700.0,101473096500.0,ANTM
2019-09-17T00:00:00,1050.0,0.0,40393900.0,42403610500.0,ANTM
2019-09-18T00:00:00,1065.0,15.0,77525900.0,82841576000.0,ANTM
2019-09-19T00:00:00,1045.0,-20.0,46921500.0,49596725000.0,ANTM
2019-09-20T00:00:00,1065.0,20.0,77305700.0,82046640500.0,ANTM
2019-09-23T00:00:00,1055.0,-10.0,50722600.0,53934311500.0,ANTM
2019-09-24T00:00:00,1015.0,-40.0,104106400.0,106635953000.0,ANTM
2019-09-25T00:00:00,1010.0,-5.0,67498200.0,68578772000.0,ANTM
2019-09-26T00:00:00,1015.0,5.0,70656200.0,72004533000.0,ANTM
2019-09-27T00:00:00,990.0,-25.0,65010900.0,64725456500.0,ANTM
2019-09-30T00:00:00,975.0,-15.0,73819000.0,72500276500.0,ANTM
2019-10-01T00:00:00,955.0,-20.0,70031100.0,68054355000.0,ANTM
2019-10-02T00:00:00,920.0,-35.0,79407500.0,74946896500.0,ANTM
2019-10-03T00:00:00,965.0,45.0,77444800.0,73681453000.0,ANTM
2019-10-04T00:00:00,960.0,-5.0,46452800.0,44823689000.0,ANTM
2019-10-07T00:00:00,955.0,-5.0,45234500.0,43517701500.0,ANTM
2019-10-08T00:00:00,930.0,-25.0,49179800.0,46160712500.0,ANTM
2019-10-09T00:00:00,990.0,60.0,139352700.0,135002214500.0,ANTM
2019-10-10T00:00:00,995.0,5.0,106467700.0,106632899500.0,ANTM
2019-10-11T00:00:00,1015.0,20.0,72275400.0,72953739000.0,ANTM
2019-10-14T00:00:00,1000.0,-15.0,61701300.0,62048660000.0,ANTM
2019-10-15T00:00:00,985.0,-15.0,34088600.0,33616073000.0,ANTM
2019-10-16T00:00:00,960.0,-25.0,85270100.0,83162244000.0,ANTM
2019-10-17T00:00:00,955.0,-5.0,57845600.0,55261591000.0,ANTM
2019-10-18T00:00:00,935.0,-20.0,125613800.0,117768354000.0,ANTM
2019-10-21T00:00:00,925.0,-10.0,80512500.0,75356531000.0,ANTM
2019-10-22T00:00:00,930.0,5.0,50069600.0,46341384500.0,ANTM
2019-10-23T00:00:00,955.0,25.0,74596500.0,70761308000.0,ANTM
2019-10-24T00:00:00,975.0,20.0,108649300.0,105163695500.0,ANTM
2019-10-25T00:00:00,955.0,-20.0,87426200.0,84639139000.0,ANTM
2019-10-28T00:00:00,915.0,-40.0,177588400.0,164435318000.0,ANTM
2019-10-29T00:00:00,925.0,10.0,133909400.0,124831153000.0,ANTM
2019-10-30T00:00:00,930.0,5.0,69322000.0,64576954000.0,ANTM
2019-10-31T00:00:00,890.0,-40.0,126383800.0,114533686500.0,ANTM
2019-11-01T00:00:00,855.0,-35.0,118830800.0,103298457500.0,ANTM
2019-11-04T00:00:00,840.0,-15.0,148393600.0,123583600500.0,ANTM
2019-11-05T00:00:00,835.0,-5.0,80390400.0,67204583500.0,ANTM
2019-11-06T00:00:00,850.0,15.0,109181300.0,92828353500.0,ANTM
2019-11-07T00:00:00,845.0,-5.0,53514100.0,45186837000.0,ANTM
2019-11-08T00:00:00,835.0,-10.0,41949800.0,35127079000.0,ANTM
2019-11-11T00:00:00,830.0,-5.0,28520100.0,23549251500.0,ANTM
2019-11-12T00:00:00,820.0,-10.0,66391100.0,53934660500.0,ANTM
2019-11-13T00:00:00,820.0,0.0,43113100.0,35607220500.0,ANTM
2019-11-14T00:00:00,815.0,-5.0,49980300.0,40626380000.0,ANTM
2019-11-15T00:00:00,825.0,10.0,44594900.0,36775486000.0,ANTM
2019-11-18T00:00:00,820.0,-5.0,24328500.0,19977299500.0,ANTM
2019-11-19T00:00:00,835.0,15.0,35948500.0,29783594500.0,ANTM
2019-11-20T00:00:00,825.0,-10.0,38079700.0,31649656000.0,ANTM
2019-11-21T00:00:00,815.0,-10.0,35867700.0,29428334000.0,ANTM
2019-11-22T00:00:00,810.0,-5.0,27803700.0,22638792000.0,ANTM
2019-11-25T00:00:00,815.0,5.0,19463000.0,15835558500.0,ANTM
2019-11-26T00:00:00,810.0,-5.0,35581900.0,28742556000.0,ANTM
2019-11-27T00:00:00,780.0,-30.0,53831000.0,42632098000.0,ANTM
2019-11-28T00:00:00,750.0,-30.0,56329600.0,42897543000.0,ANTM
2019-11-29T00:00:00,750.0,0.0,46034900.0,34568621500.0,ANTM
2019-12-02T00:00:00,790.0,40.0,68015300.0,52873284500.0,ANTM
2019-12-03T00:00:00,775.0,-15.0,51903700.0,40619807000.0,ANTM
2019-12-04T00:00:00,785.0,10.0,36996800.0,28945199000.0,ANTM
2019-12-05T00:00:00,805.0,20.0,71148200.0,57317624000.0,ANTM
2019-12-06T00:00:00,810.0,5.0,58178100.0,47005775000.0,ANTM
2019-12-09T00:00:00,825.0,15.0,97666600.0,80374252500.0,ANTM
2019-12-10T00:00:00,825.0,0.0,45785500.0,37805762000.0,ANTM
2019-12-11T00:00:00,825.0,0.0,24139700.0,20029790500.0,ANTM
2019-12-12T00:00:00,835.0,10.0,102156900.0,86213317000.0,ANTM
2019-12-13T00:00:00,850.0,15.0,73516800.0,62315976000.0,ANTM
2019-12-16T00:00:00,865.0,15.0,83127000.0,71393498500.0,ANTM
2019-12-17T00:00:00,860.0,-5.0,42848800.0,36603129000.0,ANTM
2019-12-18T00:00:00,830.0,-30.0,56603100.0,47524996000.0,ANTM
2019-12-19T00:00:00,835.0,5.0,43386700.0,36117505000.0,ANTM
2019-12-20T00:00:00,830.0,-5.0,35549100.0,29676927000.0,ANTM
2019-12-23T00:00:00,825.0,-5.0,38930900.0,32445639500.0,ANTM
2019-12-26T00:00:00,840.0,15.0,56216100.0,47276317500.0,ANTM
2019-12-27T00:00:00,835.0,-5.0,34923000.0,29341466500.0,ANTM
2019-12-30T00:00:00,840.0,5.0,25759500.0,21653081500.0,ANTM
2020-01-02T00:00:00,840.0,0.0,26829200.0,22422696000.0,ANTM
2020-01-03T00:00:00,850.0,10.0,52105900.0,44086811000.0,ANTM
2020-01-06T00:00:00,885.0,35.0,153322300.0,135047860000.0,ANTM
2020-01-07T00:00:00,875.0,-10.0,93750600.0,82216794000.0,ANTM
2020-01-08T00:00:00,905.0,30.0,217122000.0,196411622500.0,ANTM
2020-01-09T00:00:00,880.0,-25.0,109423800.0,97021507500.0,ANTM
2020-01-10T00:00:00,885.0,5.0,47623200.0,41771677000.0,ANTM
2020-01-13T00:00:00,870.0,-15.0,47500600.0,41622685000.0,ANTM
2020-01-14T00:00:00,850.0,-20.0,98284800.0,84141619000.0,ANTM
2020-01-15T00:00:00,835.0,-15.0,73346600.0,61845910000.0,ANTM
2020-01-16T00:00:00,845.0,10.0,52551000.0,44601608000.0,ANTM
2020-01-17T00:00:00,840.0,-5.0,36767000.0,30861950500.0,ANTM
2020-01-20T00:00:00,795.0,-45.0,164357600.0,132542186500.0,ANTM
2020-01-21T00:00:00,795.0,0.0,72996000.0,58071698000.0,ANTM
2020-01-22T00:00:00,770.0,-25.0,129107000.0,99874591000.0,ANTM
2020-01-23T00:00:00,780.0,10.0,38416900.0,29926398500.0,ANTM
2020-01-24T00:00:00,785.0,5.0,25277000.0,19806495000.0,ANTM
2020-01-27T00:00:00,750.0,-35.0,92354300.0,69939624500.0,ANTM
2020-01-28T00:00:00,750.0,0.0,81359900.0,60932293500.0,ANTM
2020-01-29T00:00:00,750.0,0.0,38092300.0,28779414500.0,ANTM
2020-01-30T00:00:00,740.0,-10.0,60227100.0,45119717000.0,ANTM
2020-01-31T00:00:00,720.0,-20.0,65280900.0,47410729000.0,ANTM
2020-02-03T00:00:00,715.0,-5.0,45970300.0,32899371500.0,ANTM
2020-02-04T00:00:00,730.0,15.0,49024800.0,35477176500.0,ANTM
2020-02-05T00:00:00,725.0,-5.0,28225000.0,20445265000.0,ANTM
2020-02-06T00:00:00,735.0,10.0,28180200.0,20532533500.0,ANTM
2020-02-07T00:00:00,730.0,-5.0,27156200.0,19803359000.0,ANTM
2020-02-10T00:00:00,720.0,-10.0,50506700.0,36867130500.0,ANTM
2020-02-11T00:00:00,720.0,0.0,21224000.0,15264216000.0,ANTM
2020-02-12T00:00:00,715.0,-5.0,20699300.0,14772649000.0,ANTM
2020-02-13T00:00:00,680.0,-35.0,48920800.0,33812381000.0,ANTM
2020-02-14T00:00:00,675.0,-5.0,29968100.0,20284442500.0,ANTM
2020-02-17T00:00:00,680.0,5.0,33798800.0,22975142500.0,ANTM
2020-02-18T00:00:00,690.0,10.0,61588700.0,42663872500.0,ANTM
2020-02-19T00:00:00,705.0,15.0,94198000.0,66771643500.0,ANTM
2020-02-20T00:00:00,710.0,5.0,23540300.0,16736268500.0,ANTM
2020-02-21T00:00:00,700.0,-10.0,74636900.0,52619787500.0,ANTM
2020-02-24T00:00:00,685.0,-15.0,67340700.0,46689141000.0,ANTM
2020-02-25T00:00:00,660.0,-25.0,97963600.0,65506476000.0,ANTM
2020-02-26T00:00:00,630.0,-30.0,93935900.0,60252823500.0,ANTM
2020-02-27T00:00:00,600.0,-30.0,104666900.0,64081750500.0,ANTM
2020-02-28T00:00:00,575.0,-25.0,137409800.0,77266691000.0,ANTM
2020-03-02T00:00:00,585.0,10.0,117769700.0,68795379500.0,ANTM
2020-03-03T00:00:00,615.0,30.0,101217900.0,61721131000.0,ANTM
2020-03-04T00:00:00,630.0,15.0,93281500.0,58503907500.0,ANTM
2020-03-05T00:00:00,630.0,0.0,53646700.0,34117540500.0,ANTM
2020-03-06T00:00:00,610.0,-20.0,49754200.0,30621404000.0,ANTM
2020-03-09T00:00:00,555.0,-55.0,105445200.0,60273585500.0,ANTM
2020-03-10T00:00:00,575.0,20.0,76294500.0,43887450000.0,ANTM
2020-03-11T00:00:00,540.0,-35.0,84825600.0,46734068500.0,ANTM
2020-03-12T00:00:00,490.0,-50.0,98610300.0,49099176500.0,ANTM
2020-03-13T00:00:00,478.0,-12.0,117132200.0,55292891600.0,ANTM
2020-03-16T00:00:00,446.0,-32.0,57292700.0,25691640200.0,ANTM
2020-03-17T00:00:00,416.0,-30.0,45123800.0,18817301400.0,ANTM
2020-03-18T00:00:00,388.0,-28.0,78790100.0,30749637800.0,ANTM
2020-03-19T00:00:00,362.0,-26.0,8977100.0,3250045600.0,ANTM
2020-03-20T00:00:00,374.0,12.0,164706400.0,58569718600.0,ANTM
2020-03-23T00:00:00,348.0,-26.0,90136700.0,31735594400.0,ANTM
2020-03-24T00:00:00,364.0,16.0,155141100.0,55776376600.0,ANTM
2020-03-26T00:00:00,416.0,52.0,267248200.0,107554622600.0,ANTM
2020-03-27T00:00:00,460.0,44.0,292787100.0,138119782300.0,ANTM
2020-03-30T00:00:00,432.0,-28.0,74651200.0,32026687000.0,ANTM
2020-03-31T00:00:00,450.0,18.0,89306500.0,40133560400.0,ANTM
2020-04-01T00:00:00,436.0,-14.0,81224700.0,36294336800.0,ANTM
2020-04-02T00:00:00,452.0,16.0,83577100.0,37129358800.0,ANTM
2020-04-03T00:00:00,464.0,12.0,115728200.0,53566211200.0,ANTM
2020-04-06T00:00:00,540.0,76.0,224870500.0,113539498700.0,ANTM
2020-04-07T00:00:00,555.0,15.0,256413700.0,141914134000.0,ANTM
2020-04-08T00:00:00,520.0,-35.0,90030300.0,47529463000.0,ANTM
2020-04-09T00:00:00,520.0,0.0,105623600.0,54336640700.0,ANTM
2020-04-13T00:00:00,535.0,15.0,72240600.0,38735749500.0,ANTM
2020-04-14T00:00:00,555.0,20.0,84352000.0,46383691000.0,ANTM
2020-04-15T00:00:00,525.0,-30.0,87961700.0,47346943000.0,ANTM
2020-04-16T00:00:00,505.0,-20.0,100312000.0,50830702500.0,ANTM
2020-04-17T00:00:00,520.0,15.0,94759700.0,48897466500.0,ANTM
2020-04-20T00:00:00,500.0,-20.0,80546300.0,40748656100.0,ANTM
2020-04-21T00:00:00,482.0,-18.0,92065100.0,44533808000.0,ANTM
2020-04-22T00:00:00,492.0,10.0,74583700.0,36130262400.0,ANTM
2020-04-23T00:00:00,498.0,6.0,86760800.0,43250606700.0,ANTM
2020-04-24T00:00:00,494.0,-4.0,86275300.0,43133529900.0,ANTM
2020-04-27T00:00:00,505.0,11.0,56062600.0,28064249900.0,ANTM
2020-04-28T00:00:00,492.0,-13.0,45388100.0,22519545700.0,ANTM
2020-04-29T00:00:00,498.0,6.0,25492400.0,12680442400.0,ANTM
2020-04-30T00:00:00,510.0,12.0,85174700.0,43524444500.0,ANTM
2020-05-04T00:00:00,494.0,-16.0,64158400.0,31774310900.0,ANTM
2020-05-05T00:00:00,500.0,6.0,37904200.0,18874744400.0,ANTM
2020-05-06T00:00:00,500.0,0.0,40511700.0,20287422300.0,ANTM
2020-05-08T00:00:00,535.0,35.0,185061500.0,97411725000.0,ANTM
2020-05-11T00:00:00,530.0,-5.0,113381700.0,61106542500.0,ANTM
2020-05-12T00:00:00,515.0,-15.0,47048500.0,24377367500.0,ANTM
2020-05-13T00:00:00,535.0,20.0,69026200.0,36393012500.0,ANTM
2020-05-14T00:00:00,515.0,-20.0,81959800.0,43520036000.0,ANTM
2020-05-15T00:00:00,520.0,5.0,67020800.0,34676424500.0,ANTM
2020-05-18T00:00:00,525.0,5.0,46702500.0,24587337000.0,ANTM
2020-05-19T00:00:00,525.0,0.0,61033100.0,32527484500.0,ANTM
2020-05-20T00:00:00,520.0,-5.0,41916400.0,21776952500.0,ANTM
2020-05-26T00:00:00,530.0,10.0,32358800.0,17009093500.0,ANTM
2020-05-27T00:00:00,520.0,-10.0,43519100.0,22719541500.0,ANTM
2020-05-28T00:00:00,525.0,5.0,71853100.0,37961981500.0,ANTM
2020-05-29T00:00:00,535.0,10.0,58928900.0,31226291500.0,ANTM
2020-06-02T00:00:00,555.0,20.0,137754600.0,76432433500.0,ANTM
2020-06-03T00:00:00,555.0,0.0,147855500.0,82869763000.0,ANTM
2020-06-04T00:00:00,570.0,15.0,214067000.0,122811417000.0,ANTM
2020-06-05T00:00:00,590.0,20.0,187740200.0,110837873000.0,ANTM
2020-06-08T00:00:00,630.0,40.0,246393600.0,154068682000.0,ANTM
2020-06-09T00:00:00,610.0,-20.0,137515700.0,85893438500.0,ANTM
2020-06-10T00:00:00,595.0,-15.0,78090100.0,46674212000.0,ANTM
2020-06-11T00:00:00,580.0,-15.0,73061000.0,42711715000.0,ANTM
2020-06-12T00:00:00,580.0,0.0,58198800.0,32974394500.0,ANTM
2020-06-15T00:00:00,565.0,-15.0,44814200.0,25783917500.0,ANTM
2020-06-16T00:00:00,610.0,45.0,110517900.0,66110885500.0,ANTM
2020-06-17T00:00:00,635.0,25.0,195616600.0,122564100000.0,ANTM
2020-06-18T00:00:00,620.0,-15.0,88492800.0,55557592000.0,ANTM
2020-06-19T00:00:00,610.0,-10.0,59835400.0,36793444000.0,ANTM
2020-06-22T00:00:00,605.0,-5.0,49752700.0,30413590500.0,ANTM
2020-06-23T00:00:00,595.0,-10.0,31468100.0,18902896000.0,ANTM
2020-06-24T00:00:00,605.0,10.0,58104500.0,35444986500.0,ANTM
2020-06-25T00:00:00,600.0,-5.0,18727500.0,11216668500.0,ANTM
2020-06-26T00:00:00,605.0,5.0,29811500.0,18149780500.0,ANTM
2020-06-29T00:00:00,595.0,-10.0,25880900.0,15508585000.0,ANTM
2020-06-30T00:00:00,605.0,10.0,30619800.0,18468745500.0,ANTM
2020-07-01T00:00:00,600.0,-5.0,21393300.0,12863262500.0,ANTM
2020-07-02T00:00:00,610.0,10.0,41575700.0,24997725000.0,ANTM
2020-07-03T00:00:00,600.0,-10.0,30660200.0,18602421500.0,ANTM
2020-07-06T00:00:00,640.0,40.0,133412200.0,83385980000.0,ANTM
2020-07-07T00:00:00,650.0,10.0,234409300.0,153252400000.0,ANTM
2020-07-08T00:00:00,660.0,10.0,116131400.0,77076930000.0,ANTM
2020-07-09T00:00:00,650.0,-10.0,66422900.0,43834399000.0,ANTM
2020-07-10T00:00:00,645.0,-5.0,44571600.0,29067911000.0,ANTM
2020-07-13T00:00:00,675.0,30.0,148923800.0,100284460000.0,ANTM
2020-07-14T00:00:00,660.0,-15.0,77241200.0,51613691000.0,ANTM
2020-07-15T00:00:00,655.0,-5.0,38423500.0,25400022000.0,ANTM
2020-07-16T00:00:00,650.0,-5.0,19244200.0,12609527500.0,ANTM
2020-07-17T00:00:00,660.0,10.0,21499000.0,14080895500.0,ANTM
2020-07-20T00:00:00,650.0,-10.0,31533100.0,20603407000.0,ANTM
2020-07-21T00:00:00,685.0,35.0,158932500.0,107660060000.0,ANTM
2020-07-22T00:00:00,685.0,0.0,192426100.0,133630033000.0,ANTM
2020-07-23T00:00:00,690.0,5.0,90668500.0,63036988500.0,ANTM
2020-07-24T00:00:00,685.0,-5.0,134255200.0,93060995500.0,ANTM
2020-07-27T00:00:00,725.0,40.0,197203700.0,140560717500.0,ANTM
2020-07-28T00:00:00,720.0,-5.0,186698000.0,137608094000.0,ANTM
2020-07-29T00:00:00,730.0,10.0,79691500.0,57996380500.0,ANTM
2020-07-30T00:00:00,730.0,0.0,68996600.0,50390271500.0,ANTM
2020-08-03T00:00:00,700.0,-30.0,110870200.0,77703131000.0,ANTM
2020-08-04T00:00:00,705.0,5.0,43434000.0,30728228000.0,ANTM
2020-08-05T00:00:00,750.0,45.0,182812800.0,134400221500.0,ANTM
2020-08-06T00:00:00,835.0,85.0,446658400.0,359205729500.0,ANTM
2020-08-07T00:00:00,840.0,5.0,263824700.0,223395877000.0,ANTM
2020-08-10T00:00:00,825.0,-15.0,100818900.0,82525446500.0,ANTM
2020-08-11T00:00:00,800.0,-25.0,133787400.0,107605884000.0,ANTM
2020-08-12T00:00:00,770.0,-30.0,188570300.0,144622777000.0,ANTM
2020-08-13T00:00:00,770.0,0.0,99028400.0,77094696500.0,ANTM
2020-08-14T00:00:00,785.0,15.0,209371300.0,166096206000.0,ANTM
2020-08-18T00:00:00,805.0,20.0,178541000.0,145012337000.0,ANTM
2020-08-19T00:00:00,795.0,-10.0,88404200.0,70781904500.0,ANTM
2020-08-24T00:00:00,780.0,-15.0,116065100.0,90636878000.0,ANTM
2020-08-25T00:00:00,790.0,10.0,69089200.0,54269583000.0,ANTM
2020-08-26T00:00:00,785.0,-5.0,72181500.0,57054778500.0,ANTM
2020-08-27T00:00:00,795.0,10.0,87815900.0,69616139000.0,ANTM
2020-08-28T00:00:00,820.0,25.0,278492100.0,227094254500.0,ANTM
2020-08-31T00:00:00,820.0,0.0,229956400.0,191332954500.0,ANTM
2020-09-01T00:00:00,840.0,20.0,131125800.0,108912546000.0,ANTM
2020-09-02T00:00:00,850.0,10.0,126138900.0,106393986000.0,ANTM
2020-09-03T00:00:00,830.0,-20.0,96483000.0,80496624000.0,ANTM
2020-09-04T00:00:00,825.0,-5.0,93463300.0,76306869500.0,ANTM
2020-09-07T00:00:00,825.0,0.0,35138000.0,28908147500.0,ANTM
2020-09-08T00:00:00,825.0,0.0,60255800.0,50023024000.0,ANTM
2020-09-09T00:00:00,795.0,-30.0,109624500.0,87255874000.0,ANTM
2020-09-10T00:00:00,740.0,-55.0,121922400.0,91662180000.0,ANTM
2020-09-11T00:00:00,775.0,35.0,114696400.0,86698421000.0,ANTM
2020-09-14T00:00:00,800.0,25.0,61791200.0,49122411000.0,ANTM
2020-09-15T00:00:00,805.0,5.0,66313200.0,53262673000.0,ANTM
2020-09-16T00:00:00,795.0,-10.0,31285000.0,24883594500.0,ANTM
2020-09-17T00:00:00,775.0,-20.0,47543300.0,37165338500.0,ANTM
2020-09-18T00:00:00,790.0,15.0,28855300.0,22702232500.0,ANTM
2020-09-21T00:00:00,765.0,-25.0,34817700.0,26890077500.0,ANTM
2020-09-22T00:00:00,735.0,-30.0,52789600.0,38977532000.0,ANTM
2020-09-23T00:00:00,750.0,15.0,95405500.0,72216438500.0,ANTM
2020-09-24T00:00:00,720.0,-30.0,69787900.0,50620203000.0,ANTM
2020-09-25T00:00:00,730.0,10.0,42231400.0,30745571500.0,ANTM
2020-09-28T00:00:00,725.0,-5.0,23365500.0,16935309500.0,ANTM
2020-09-29T00:00:00,715.0,-10.0,47576900.0,34467567000.0,ANTM
2020-09-30T00:00:00,705.0,-10.0,40688700.0,28820626000.0,ANTM
2020-10-01T00:00:00,735.0,30.0,45502700.0,33086501000.0,ANTM
2020-10-02T00:00:00,725.0,-10.0,56903300.0,41114544000.0,ANTM
2020-10-05T00:00:00,720.0,-5.0,20089800.0,14468345500.0,ANTM
2020-10-06T00:00:00,720.0,0.0,39918300.0,28920121500.0,ANTM
2020-10-07T00:00:00,715.0,-5.0,22001600.0,15718263000.0,ANTM
2020-10-08T00:00:00,720.0,5.0,28843100.0,20771472500.0,ANTM
2020-10-09T00:00:00,765.0,45.0,175465400.0,132312329500.0,ANTM
2020-10-12T00:00:00,780.0,15.0,108451600.0,84469803500.0,ANTM
2020-10-13T00:00:00,765.0,-15.0,47798000.0,36665924000.0,ANTM
2020-10-14T00:00:00,955.0,190.0,1116793100.0,999230296000.0,ANTM
2020-10-15T00:00:00,935.0,-20.0,1510069900.0,1539849045500.0,ANTM
2020-10-16T00:00:00,940.0,5.0,638756000.0,610730752000.0,ANTM
2020-10-19T00:00:00,1055.0,115.0,1158293800.0,1168810248000.0,ANTM
2020-10-20T00:00:00,1035.0,-20.0,789265700.0,822154961000.0,ANTM
2020-10-21T00:00:00,1100.0,65.0,1370011500.0,1508433593000.0,ANTM
2020-10-22T00:00:00,1085.0,-15.0,465407900.0,509642941000.0,ANTM
2020-10-23T00:00:00,1085.0,0.0,392722300.0,427974831000.0,ANTM
2020-10-26T00:00:00,1060.0,-25.0,183290100.0,196926970500.0,ANTM
2020-10-27T00:00:00,1055.0,-5.0,333734100.0,357242543500.0,ANTM
2020-11-02T00:00:00,1100.0,45.0,571253300.0,626787134500.0,ANTM
2020-11-03T00:00:00,1110.0,10.0,317572700.0,354644564000.0,ANTM
2020-11-04T00:00:00,1105.0,-5.0,410216500.0,458516848500.0,ANTM
2020-11-05T00:00:00,1125.0,20.0,240422000.0,271079435000.0,ANTM
2020-11-06T00:00:00,1125.0,0.0,202159600.0,227133035000.0,ANTM
2020-11-09T00:00:00,1240.0,115.0,846313500.0,1012079237000.0,ANTM
2020-11-10T00:00:00,1200.0,-40.0,604934300.0,733284011000.0,ANTM
2020-11-11T00:00:00,1195.0,-5.0,628878500.0,761262542500.0,ANTM
2020-11-12T00:00:00,1170.0,-25.0,200055900.0,236359016000.0,ANTM
2020-11-13T00:00:00,1170.0,0.0,172842400.0,201684250000.0,ANTM
2020-11-16T00:00:00,1185.0,15.0,213486900.0,254294274500.0,ANTM
2020-11-17T00:00:00,1190.0,5.0,300731400.0,360297576500.0,ANTM
2020-11-18T00:00:00,1240.0,50.0,853419900.0,1066853107000.0,ANTM
2020-11-19T00:00:00,1235.0,-5.0,286394100.0,352416519000.0,ANTM
2020-11-20T00:00:00,1210.0,-25.0,220936900.0,268146697000.0,ANTM
2020-11-23T00:00:00,1255.0,45.0,371401400.0,459061901500.0,ANTM
2020-11-24T00:00:00,1235.0,-20.0,351292500.0,433989701000.0,ANTM
2020-11-25T00:00:00,1205.0,-30.0,303117600.0,368551875000.0,ANTM
2020-11-26T00:00:00,1210.0,5.0,147126800.0,178443296000.0,ANTM
2020-11-27T00:00:00,1230.0,20.0,308954300.0,380546789500.0,ANTM
2020-11-30T00:00:00,1145.0,-85.0,446062400.0,523605225500.0,ANTM
2020-12-01T00:00:00,1155.0,10.0,240765000.0,276610084000.0,ANTM
2020-12-02T00:00:00,1245.0,90.0,803420400.0,989993789500.0,ANTM
2020-12-03T00:00:00,1255.0,10.0,615002200.0,781129018000.0,ANTM
2020-12-04T00:00:00,1245.0,-10.0,155578400.0,194239122500.0,ANTM
2020-12-07T00:00:00,1280.0,35.0,367250700.0,469374079000.0,ANTM
2020-12-08T00:00:00,1300.0,20.0,377826500.0,491626807500.0,ANTM
2020-12-10T00:00:00,1395.0,95.0,686885600.0,953340916000.0,ANTM
2020-12-11T00:00:00,1450.0,55.0,487755900.0,712916065000.0,ANTM
2020-12-14T00:00:00,1525.0,75.0,417804400.0,633675925000.0,ANTM
2020-12-15T00:00:00,1560.0,35.0,462918300.0,711631292500.0,ANTM
2020-12-16T00:00:00,1815.0,255.0,1272844700.0,2239037471500.0,ANTM
2020-12-17T00:00:00,1815.0,0.0,542949200.0,989173698000.0,ANTM
2020-12-18T00:00:00,1950.0,135.0,1083731700.0,2058511928000.0,ANTM
2020-12-21T00:00:00,1965.0,15.0,627035000.0,1236542456500.0,ANTM
2020-12-22T00:00:00,1835.0,-130.0,678922000.0,1279870310000.0,ANTM
2020-12-23T00:00:00,1790.0,-45.0,659296400.0,1178788740000.0,ANTM
2020-12-28T00:00:00,2000.0,210.0,992175000.0,1898396323500.0,ANTM
2020-12-29T00:00:00,1945.0,-55.0,739754900.0,1478088272000.0,ANTM
2020-12-30T00:00:00,1935.0,-10.0,535943500.0,1043964720500.0,ANTM
2021-01-04T00:00:00,2190.0,255.0,1040753400.0,2149215895000.0,ANTM
2021-01-05T00:00:00,2230.0,40.0,1139014700.0,2558764123000.0,ANTM
2021-01-06T00:00:00,2220.0,-10.0,629211500.0,1399320285000.0,ANTM
2021-01-07T00:00:00,2600.0,380.0,1982112200.0,4946184366000.0,ANTM
2021-01-08T00:00:00,2600.0,0.0,1052618000.0,2804480557000.0,ANTM
2021-01-11T00:00:00,2580.0,-20.0,521301600.0,1350913589000.0,ANTM
2021-01-12T00:00:00,2770.0,190.0,1147172800.0,3091064922000.0,ANTM
2021-01-13T00:00:00,3120.0,350.0,1280852600.0,3830478187000.0,ANTM
2021-01-14T00:00:00,3180.0,60.0,1499058400.0,4916960820000.0,ANTM
2021-01-15T00:00:00,3120.0,-60.0,915912100.0,2932975592000.0,ANTM
2021-01-18T00:00:00,2910.0,-210.0,930618200.0,2768897664000.0,ANTM
2021-01-19T00:00:00,2710.0,-200.0,360498600.0,987272942000.0,ANTM
2021-01-20T00:00:00,3190.0,480.0,1983213100.0,5694940005000.0,ANTM
2021-01-21T00:00:00,3090.0,-100.0,1273877400.0,4040908296000.0,ANTM
2021-01-22T00:00:00,2880.0,-210.0,894766800.0,2633530275000.0,ANTM
2021-01-25T00:00:00,2870.0,-10.0,1222991300.0,3448433120000.0,ANTM
2021-01-26T00:00:00,2670.0,-200.0,786819300.0,2197544921000.0,ANTM
2021-01-27T00:00:00,2550.0,-120.0,1341364800.0,3470279677000.0,ANTM
2021-01-28T00:00:00,2380.0,-170.0,731854900.0,1796060667000.0,ANTM
2021-01-29T00:00:00,2220.0,-160.0,450321200.0,1030588633000.0,ANTM
2021-02-01T00:00:00,2600.0,380.0,2186652700.0,5081738189000.0,ANTM
2021-02-02T00:00:00,2420.0,-180.0,942434300.0,2357082646000.0,ANTM
2021-02-03T00:00:00,2330.0,-90.0,948031000.0,2281968205000.0,ANTM
2021-02-04T00:00:00,2400.0,70.0,874173400.0,2102459639000.0,ANTM
2021-02-05T00:00:00,2660.0,260.0,1157647700.0,2948340100000.0,ANTM
2021-02-08T00:00:00,2830.0,170.0,977135300.0,2714739911000.0,ANTM
2021-02-09T00:00:00,2730.0,-100.0,877784900.0,2417296821000.0,ANTM
2021-02-10T00:00:00,2930.0,200.0,1401720500.0,4013478118000.0,ANTM
2021-02-11T00:00:00,2870.0,-60.0,620114900.0,1797563054000.0,ANTM
2021-02-15T00:00:00,2900.0,30.0,361594300.0,1054197392000.0,ANTM
2021-02-16T00:00:00,2870.0,-30.0,349266100.0,1010003994000.0,ANTM
2021-02-17T00:00:00,2750.0,-120.0,443154100.0,1235373629000.0,ANTM
2021-02-18T00:00:00,2780.0,30.0,349948000.0,964032748000.0,ANTM
2021-02-19T00:00:00,2880.0,100.0,482821700.0,1361180178000.0,ANTM
2021-02-22T00:00:00,2950.0,70.0,834610300.0,2477174498000.0,ANTM
2021-02-23T00:00:00,2940.0,-10.0,327105100.0,967455770000.0,ANTM
2021-02-24T00:00:00,2910.0,-30.0,386381000.0,1122419704000.0,ANTM
2021-02-25T00:00:00,2960.0,50.0,346787800.0,1029632276000.0,ANTM
2021-02-26T00:00:00,2840.0,-120.0,1305042600.0,3704701086000.0,ANTM
2021-03-01T00:00:00,2840.0,0.0,166782500.0,473432176000.0,ANTM
2021-03-02T00:00:00,2730.0,-110.0,298489400.0,827625094000.0,ANTM
2021-03-03T00:00:00,2700.0,-30.0,192152700.0,521493490000.0,ANTM
2021-03-04T00:00:00,2520.0,-180.0,466387000.0,1183333111000.0,ANTM
2021-03-05T00:00:00,2420.0,-100.0,745024700.0,1808725036000.0,ANTM
2021-03-08T00:00:00,2280.0,-140.0,476947100.0,1118568218000.0,ANTM
2021-03-09T00:00:00,2230.0,-50.0,515109500.0,1166546939000.0,ANTM
2021-03-10T00:00:00,2230.0,0.0,193024600.0,430029594000.0,ANTM
2021-03-12T00:00:00,2420.0,190.0,537855700.0,1274194098000.0,ANTM
2021-03-15T00:00:00,2340.0,-80.0,371987500.0,872599777000.0,ANTM
2021-03-16T00:00:00,2270.0,-70.0,231241100.0,528116329000.0,ANTM
2021-03-17T00:00:00,2300.0,30.0,147188700.0,338325918000.0,ANTM
2021-03-18T00:00:00,2290.0,-10.0,149549500.0,345497376000.0,ANTM
2021-03-19T00:00:00,2250.0,-40.0,123414100.0,276871471000.0,ANTM
2021-03-22T00:00:00,2260.0,10.0,125924600.0,287833526000.0,ANTM
2021-03-23T00:00:00,2270.0,10.0,141239100.0,318881781000.0,ANTM
2021-03-24T00:00:00,2170.0,-100.0,156928900.0,345849082000.0,ANTM
2021-03-25T00:00:00,2180.0,10.0,191883200.0,416001389000.0,ANTM
2021-03-26T00:00:00,2430.0,250.0,652293400.0,1537300728000.0,ANTM
2021-03-29T00:00:00,2260.0,-170.0,454909500.0,1057293329000.0,ANTM
2021-03-30T00:00:00,2210.0,-50.0,282270900.0,629273220000.0,ANTM
2021-03-31T00:00:00,2250.0,40.0,268981300.0,591771568000.0,ANTM
2021-04-01T00:00:00,2240.0,-10.0,160897600.0,360654158000.0,ANTM
2021-04-05T00:00:00,2200.0,-40.0,107349400.0,239469876000.0,ANTM
2021-04-06T00:00:00,2330.0,130.0,323980600.0,745308640000.0,ANTM
2021-04-07T00:00:00,2360.0,30.0,237921000.0,553076876000.0,ANTM
2021-04-08T00:00:00,2470.0,110.0,327839300.0,795844706000.0,ANTM
2021-04-09T00:00:00,2340.0,-130.0,264837100.0,635907919000.0,ANTM
2021-04-12T00:00:00,2250.0,-90.0,194738500.0,439900037000.0,ANTM
2021-04-13T00:00:00,2270.0,20.0,111017700.0,251814948000.0,ANTM
2021-04-14T00:00:00,2330.0,60.0,143891700.0,333101036000.0,ANTM
2021-04-15T00:00:00,2320.0,-10.0,109175800.0,254308300000.0,ANTM
2021-04-16T00:00:00,2390.0,70.0,173387400.0,411663704000.0,ANTM
2021-04-19T00:00:00,2340.0,-50.0,91552300.0,213876405000.0,ANTM
2021-04-20T00:00:00,2350.0,10.0,60372200.0,141173698000.0,ANTM
2021-04-21T00:00:00,2370.0,20.0,112742900.0,265630566000.0,ANTM
2021-04-22T00:00:00,2350.0,-20.0,119644900.0,285770222000.0,ANTM
2021-04-23T00:00:00,2320.0,-30.0,41022800.0,95412606000.0,ANTM
2021-04-26T00:00:00,2390.0,70.0,139616000.0,332190077000.0,ANTM
2021-04-27T00:00:00,2390.0,0.0,96606300.0,231088498000.0,ANTM
2021-04-28T00:00:00,2430.0,40.0,138325400.0,332168660000.0,ANTM
2021-04-29T00:00:00,2510.0,80.0,325392600.0,812990621000.0,ANTM
2021-04-30T00:00:00,2490.0,-20.0,124672100.0,307973244000.0,ANTM
2021-05-03T00:00:00,2520.0,30.0,171047200.0,432365412000.0,ANTM
2021-05-04T00:00:00,2620.0,100.0,284137700.0,734404401000.0,ANTM
2021-05-05T00:00:00,2630.0,10.0,180649900.0,470721323000.0,ANTM
2021-05-06T00:00:00,2620.0,-10.0,150793800.0,394449178000.0,ANTM
2021-05-07T00:00:00,2620.0,0.0,133080200.0,349970339000.0,ANTM
2021-05-10T00:00:00,2680.0,60.0,157887500.0,420104052000.0,ANTM
2021-05-11T00:00:00,2670.0,-10.0,164247600.0,433768618000.0,ANTM
2021-05-17T00:00:00,2510.0,-160.0,185205000.0,478889271000.0,ANTM
2021-05-18T00:00:00,2600.0,90.0,179403400.0,465132217000.0,ANTM
2021-05-19T00:00:00,2550.0,-50.0,111892800.0,288323884000.0,ANTM
2021-05-20T00:00:00,2420.0,-130.0,214175900.0,527896693000.0,ANTM
2021-05-21T00:00:00,2330.0,-90.0,147528900.0,348696367000.0,ANTM
2021-05-22T00:00:00,2900.0,570.0,29992800.0,83833631000.0,ANTM
2021-05-24T00:00:00,2270.0,-60.0,128408600.0,296342178000.0,ANTM
2021-05-25T00:00:00,2330.0,60.0,186483800.0,439410326000.0,ANTM
2021-05-27T00:00:00,2390.0,60.0,148943500.0,352339805000.0,ANTM
2021-05-28T00:00:00,2460.0,70.0,118544200.0,290923426000.0,ANTM
2021-05-31T00:00:00,2450.0,-10.0,57366900.0,140127348000.0,ANTM
2021-06-02T00:00:00,2550.0,100.0,125654100.0,314186923000.0,ANTM
2021-06-03T00:00:00,2520.0,-30.0,131141700.0,332803336000.0,ANTM
2021-06-04T00:00:00,2430.0,-90.0,160479400.0,391424512000.0,ANTM
2021-06-07T00:00:00,2380.0,-50.0,62115900.0,149274136000.0,ANTM
2021-06-08T00:00:00,2350.0,-30.0,58838700.0,139366472000.0,ANTM
2021-06-09T00:00:00,2460.0,110.0,117338500.0,285154335000.0,ANTM
2021-06-10T00:00:00,2420.0,-40.0,79751900.0,194658391000.0,ANTM
2021-06-11T00:00:00,2480.0,60.0,94696000.0,234170770000.0,ANTM
2021-06-14T00:00:00,2410.0,-70.0,64557400.0,156238205000.0,ANTM
2021-06-15T00:00:00,2360.0,-50.0,84189100.0,198677697000.0,ANTM
2021-06-16T00:00:00,2320.0,-40.0,77248800.0,179565221000.0,ANTM
2021-06-17T00:00:00,2330.0,10.0,74868000.0,173668327000.0,ANTM
2021-06-18T00:00:00,2230.0,-100.0,125507700.0,282921162000.0,ANTM
2021-06-21T00:00:00,2200.0,-30.0,100386700.0,220245101000.0,ANTM
2021-06-22T00:00:00,2260.0,60.0,97671600.0,220976120000.0,ANTM
2021-06-23T00:00:00,2250.0,-10.0,64275900.0,146359668000.0,ANTM
2021-06-24T00:00:00,2250.0,0.0,59257500.0,133981944000.0,ANTM
2021-06-25T00:00:00,2300.0,50.0,90478300.0,209303991000.0,ANTM
2021-06-28T00:00:00,2240.0,-60.0,65985000.0,149510210000.0,ANTM
2021-06-29T00:00:00,2220.0,-20.0,55524500.0,123529989000.0,ANTM
2021-06-30T00:00:00,2300.0,80.0,95174800.0,216537991000.0,ANTM
2021-07-01T00:00:00,2230.0,-70.0,89606900.0,200883829000.0,ANTM
2021-07-02T00:00:00,2220.0,-10.0,57200500.0,126554613000.0,ANTM
2021-07-05T00:00:00,2240.0,20.0,60698700.0,135843737000.0,ANTM
2021-07-06T00:00:00,2480.0,240.0,365880400.0,885209328000.0,ANTM
2021-07-07T00:00:00,2460.0,-20.0,146473200.0,355538829000.0,ANTM
2021-07-08T00:00:00,2550.0,90.0,227835500.0,584633536000.0,ANTM
2021-07-09T00:00:00,2590.0,40.0,185723500.0,481165572000.0,ANTM
2019-09-16T00:00:00,130.0,-20.0,192703600.0,28634687900.0,BAPI
2019-09-17T00:00:00,130.0,0.0,77595900.0,10637852100.0,BAPI
2019-09-18T00:00:00,130.0,0.0,56366600.0,7188602200.0,BAPI
2019-09-19T00:00:00,128.0,-2.0,17231600.0,2226268300.0,BAPI
2019-09-20T00:00:00,122.0,-6.0,18990900.0,2359727300.0,BAPI
2019-09-23T00:00:00,114.0,-8.0,19299900.0,2259714900.0,BAPI
2019-09-24T00:00:00,105.0,-9.0,17612200.0,1910625400.0,BAPI
2019-09-25T00:00:00,141.0,36.0,490919200.0,58827344000.0,BAPI
2019-09-26T00:00:00,111.0,-30.0,333830200.0,39567429800.0,BAPI
2019-09-27T00:00:00,73.0,-38.0,584641400.0,54044244500.0,BAPI
2019-09-30T00:00:00,73.0,0.0,108963200.0,8080009900.0,BAPI
2019-10-01T00:00:00,73.0,0.0,167988400.0,12201017200.0,BAPI
2019-10-02T00:00:00,74.0,1.0,137834900.0,10307564600.0,BAPI
2019-10-03T00:00:00,50.0,-24.0,1425295800.0,83928379700.0,BAPI
2019-10-04T00:00:00,50.0,0.0,379583400.0,19073743100.0,BAPI
2019-10-07T00:00:00,50.0,0.0,10056500.0,502825000.0,BAPI
2019-10-08T00:00:00,50.0,0.0,1451501500.0,76000108800.0,BAPI
2019-10-09T00:00:00,50.0,0.0,87419800.0,4373615500.0,BAPI
2019-10-10T00:00:00,50.0,0.0,145857700.0,7294875400.0,BAPI
2019-10-11T00:00:00,50.0,0.0,4170100.0,208505000.0,BAPI
2019-10-14T00:00:00,50.0,0.0,8011400.0,400570000.0,BAPI
2019-10-15T00:00:00,50.0,0.0,4022800.0,201140000.0,BAPI
2019-10-16T00:00:00,50.0,0.0,1766100.0,88305000.0,BAPI
2019-10-17T00:00:00,50.0,0.0,1231700.0,61585000.0,BAPI
2019-10-18T00:00:00,50.0,0.0,188000.0,9400000.0,BAPI
2019-10-21T00:00:00,50.0,0.0,3197400.0,159870000.0,BAPI
2019-10-22T00:00:00,50.0,0.0,874200.0,43710000.0,BAPI
2019-10-23T00:00:00,50.0,0.0,206300.0,10315000.0,BAPI
2019-10-24T00:00:00,50.0,0.0,156200.0,7810000.0,BAPI
2019-10-25T00:00:00,50.0,0.0,211200.0,10560000.0,BAPI
2019-10-28T00:00:00,50.0,0.0,671800.0,33590000.0,BAPI
2019-10-29T00:00:00,50.0,0.0,376100.0,18805000.0,BAPI
2019-10-30T00:00:00,50.0,0.0,434000.0,21700000.0,BAPI
2019-10-31T00:00:00,50.0,0.0,461800.0,23090000.0,BAPI
2019-11-01T00:00:00,50.0,0.0,59400.0,2970000.0,BAPI
2019-11-04T00:00:00,50.0,0.0,1107300.0,55365000.0,BAPI
2019-11-05T00:00:00,50.0,0.0,210700.0,10535000.0,BAPI
2019-11-06T00:00:00,50.0,0.0,130600.0,6530000.0,BAPI
2019-11-07T00:00:00,50.0,0.0,12600.0,630000.0,BAPI
2019-11-08T00:00:00,50.0,0.0,443800.0,22190000.0,BAPI
2019-11-11T00:00:00,50.0,0.0,101900.0,5095000.0,BAPI
2019-11-12T00:00:00,50.0,0.0,101900.0,5095000.0,BAPI
2019-11-13T00:00:00,50.0,0.0,109700.0,5485000.0,BAPI
2019-11-14T00:00:00,50.0,0.0,839900.0,41995000.0,BAPI
2019-11-15T00:00:00,50.0,0.0,708200.0,35410000.0,BAPI
2019-11-18T00:00:00,50.0,0.0,65900.0,3295000.0,BAPI
2019-11-19T00:00:00,50.0,0.0,129200.0,6460000.0,BAPI
2019-11-20T00:00:00,50.0,0.0,503300.0,25165000.0,BAPI
2019-11-21T00:00:00,50.0,0.0,66000.0,3300000.0,BAPI
2019-11-22T00:00:00,50.0,0.0,81700.0,4085000.0,BAPI
2019-11-25T00:00:00,50.0,0.0,158700.0,7935000.0,BAPI
2019-11-26T00:00:00,50.0,0.0,105800.0,5290000.0,BAPI
2019-11-27T00:00:00,50.0,0.0,14800.0,740000.0,BAPI
2019-11-28T00:00:00,50.0,0.0,5500.0,275000.0,BAPI
2019-11-29T00:00:00,50.0,0.0,69800.0,3490000.0,BAPI
2019-12-02T00:00:00,50.0,0.0,19900.0,995000.0,BAPI
2019-12-03T00:00:00,50.0,0.0,37900.0,1895000.0,BAPI
2019-12-04T00:00:00,50.0,0.0,219800.0,10990000.0,BAPI
2019-12-05T00:00:00,50.0,0.0,13500.0,675000.0,BAPI
2019-12-06T00:00:00,50.0,0.0,112900.0,5645000.0,BAPI
2019-12-09T00:00:00,50.0,0.0,28400.0,1420000.0,BAPI
2019-12-10T00:00:00,50.0,0.0,36700.0,1835000.0,BAPI
2019-12-11T00:00:00,50.0,0.0,134000.0,6700000.0,BAPI
2019-12-12T00:00:00,50.0,0.0,69600.0,3480000.0,BAPI
2019-12-13T00:00:00,50.0,0.0,10500.0,525000.0,BAPI
2019-12-16T00:00:00,50.0,0.0,105000.0,5250000.0,BAPI
2019-12-17T00:00:00,50.0,0.0,13900.0,695000.0,BAPI
2019-12-18T00:00:00,50.0,0.0,32600.0,1630000.0,BAPI
2019-12-19T00:00:00,50.0,0.0,769900.0,38495000.0,BAPI
2019-12-20T00:00:00,50.0,0.0,93100.0,4655000.0,BAPI
2019-12-23T00:00:00,50.0,0.0,20400.0,1020000.0,BAPI
2019-12-26T00:00:00,50.0,0.0,61900.0,3095000.0,BAPI
2019-12-27T00:00:00,50.0,0.0,68800.0,3440000.0,BAPI
2019-12-30T00:00:00,50.0,0.0,93200.0,4660000.0,BAPI
2020-01-02T00:00:00,50.0,0.0,55700.0,2785000.0,BAPI
2020-01-03T00:00:00,50.0,0.0,20500.0,1025000.0,BAPI
2020-01-06T00:00:00,50.0,0.0,310800.0,15540000.0,BAPI
2020-01-07T00:00:00,50.0,0.0,388900.0,19445000.0,BAPI
2020-01-08T00:00:00,50.0,0.0,81300.0,4065000.0,BAPI
2020-01-09T00:00:00,50.0,0.0,69200.0,3460000.0,BAPI
2020-01-10T00:00:00,50.0,0.0,99800.0,4990000.0,BAPI
2020-01-13T00:00:00,50.0,0.0,71500.0,3575000.0,BAPI
2020-01-14T00:00:00,50.0,0.0,3040700.0,152035000.0,BAPI
2020-01-15T00:00:00,50.0,0.0,40500.0,2025000.0,BAPI
2020-01-16T00:00:00,50.0,0.0,10700.0,535000.0,BAPI
2020-01-17T00:00:00,50.0,0.0,21000.0,1050000.0,BAPI
2020-01-20T00:00:00,50.0,0.0,118300.0,5915000.0,BAPI
2020-01-21T00:00:00,50.0,0.0,20200.0,1010000.0,BAPI
2020-01-22T00:00:00,50.0,0.0,70500.0,3525000.0,BAPI
2020-01-23T00:00:00,50.0,0.0,800.0,40000.0,BAPI
2020-01-24T00:00:00,50.0,0.0,3400.0,170000.0,BAPI
2020-01-27T00:00:00,50.0,0.0,13200.0,660000.0,BAPI
2020-01-28T00:00:00,50.0,0.0,9600.0,480000.0,BAPI
2020-01-29T00:00:00,50.0,0.0,16400.0,820000.0,BAPI
2020-01-30T00:00:00,50.0,0.0,55600.0,2780000.0,BAPI
2020-01-31T00:00:00,50.0,0.0,5300.0,265000.0,BAPI
2020-02-03T00:00:00,50.0,0.0,15900.0,795000.0,BAPI
2020-02-04T00:00:00,50.0,0.0,10700.0,535000.0,BAPI
2020-02-05T00:00:00,50.0,0.0,500.0,25000.0,BAPI
2020-02-06T00:00:00,50.0,0.0,2000.0,100000.0,BAPI
2020-02-07T00:00:00,50.0,0.0,7000.0,350000.0,BAPI
2020-02-10T00:00:00,50.0,0.0,5100.0,255000.0,BAPI
2020-02-11T00:00:00,50.0,0.0,3100.0,155000.0,BAPI
2020-02-12T00:00:00,50.0,0.0,6300.0,315000.0,BAPI
2020-02-13T00:00:00,50.0,0.0,1100.0,55000.0,BAPI
2020-02-14T00:00:00,50.0,0.0,39800.0,1990000.0,BAPI
2020-02-17T00:00:00,50.0,0.0,18500.0,925000.0,BAPI
2020-02-18T00:00:00,50.0,0.0,500.0,25000.0,BAPI
2020-02-19T00:00:00,50.0,0.0,300.0,15000.0,BAPI
2020-02-20T00:00:00,50.0,0.0,4400.0,220000.0,BAPI
2020-02-21T00:00:00,50.0,0.0,10600.0,530000.0,BAPI
2020-02-24T00:00:00,50.0,0.0,1800.0,90000.0,BAPI
2020-02-25T00:00:00,50.0,0.0,16200.0,810000.0,BAPI
2020-02-26T00:00:00,50.0,0.0,214700.0,10735000.0,BAPI
2020-02-27T00:00:00,50.0,0.0,3000.0,150000.0,BAPI
2020-02-28T00:00:00,50.0,0.0,3100.0,155000.0,BAPI
2020-03-02T00:00:00,50.0,0.0,3000.0,150000.0,BAPI
2020-03-03T00:00:00,50.0,0.0,900.0,45000.0,BAPI
2020-03-04T00:00:00,50.0,0.0,200.0,10000.0,BAPI
2020-03-05T00:00:00,50.0,0.0,100.0,5000.0,BAPI
2020-03-06T00:00:00,50.0,0.0,1400.0,70000.0,BAPI
2020-03-09T00:00:00,50.0,0.0,11300.0,565000.0,BAPI
2020-03-10T00:00:00,50.0,0.0,23400.0,1170000.0,BAPI
2020-03-11T00:00:00,50.0,0.0,800.0,40000.0,BAPI
2020-03-12T00:00:00,50.0,0.0,1100.0,55000.0,BAPI
2020-03-13T00:00:00,50.0,0.0,1100.0,55000.0,BAPI
2020-03-16T00:00:00,50.0,0.0,1000.0,50000.0,BAPI
2020-03-17T00:00:00,50.0,0.0,4000.0,200000.0,BAPI
2020-03-18T00:00:00,50.0,0.0,2700.0,135000.0,BAPI
2020-03-19T00:00:00,50.0,0.0,14300.0,715000.0,BAPI
2020-03-20T00:00:00,50.0,0.0,9400.0,470000.0,BAPI
2020-03-23T00:00:00,50.0,0.0,30100.0,1505000.0,BAPI
2020-03-24T00:00:00,50.0,0.0,70700.0,3535000.0,BAPI
2020-03-26T00:00:00,50.0,0.0,215300.0,10765000.0,BAPI
2020-03-27T00:00:00,50.0,0.0,16100.0,805000.0,BAPI
2020-03-30T00:00:00,50.0,0.0,81500.0,4075000.0,BAPI
2020-03-31T00:00:00,50.0,0.0,13700.0,685000.0,BAPI
2020-04-01T00:00:00,50.0,0.0,5000.0,250000.0,BAPI
2020-04-02T00:00:00,50.0,0.0,800.0,40000.0,BAPI
2020-04-03T00:00:00,50.0,0.0,101800.0,5090000.0,BAPI
2020-04-06T00:00:00,50.0,0.0,41300.0,2065000.0,BAPI
2020-04-07T00:00:00,50.0,0.0,19700.0,985000.0,BAPI
2020-04-08T00:00:00,50.0,0.0,20200.0,1010000.0,BAPI
2020-04-09T00:00:00,50.0,0.0,4000.0,200000.0,BAPI
2020-04-13T00:00:00,50.0,0.0,51100.0,2555000.0,BAPI
2020-04-14T00:00:00,50.0,0.0,2700.0,135000.0,BAPI
2020-04-15T00:00:00,50.0,0.0,6000.0,300000.0,BAPI
2020-04-16T00:00:00,50.0,0.0,800.0,40000.0,BAPI
2020-04-17T00:00:00,50.0,0.0,7400.0,370000.0,BAPI
2020-04-20T00:00:00,50.0,0.0,1400.0,70000.0,BAPI
2020-04-21T00:00:00,50.0,0.0,1000.0,50000.0,BAPI
2020-04-22T00:00:00,50.0,0.0,1100.0,55000.0,BAPI
2020-04-23T00:00:00,50.0,0.0,3800.0,190000.0,BAPI
2020-04-24T00:00:00,50.0,0.0,21900.0,1095000.0,BAPI
2020-04-27T00:00:00,50.0,0.0,28300.0,1415000.0,BAPI
2020-04-28T00:00:00,50.0,0.0,800.0,40000.0,BAPI
2020-04-29T00:00:00,50.0,0.0,4500.0,225000.0,BAPI
2020-04-30T00:00:00,50.0,0.0,300.0,15000.0,BAPI
2020-05-04T00:00:00,50.0,0.0,400.0,20000.0,BAPI
2020-05-05T00:00:00,50.0,0.0,600.0,30000.0,BAPI
2020-05-06T00:00:00,50.0,0.0,1100.0,55000.0,BAPI
2020-05-08T00:00:00,50.0,0.0,4800.0,240000.0,BAPI
2020-05-11T00:00:00,50.0,0.0,800.0,40000.0,BAPI
2020-05-12T00:00:00,50.0,0.0,600.0,30000.0,BAPI
2020-05-13T00:00:00,50.0,0.0,400.0,20000.0,BAPI
2020-05-14T00:00:00,50.0,0.0,400.0,20000.0,BAPI
2020-05-15T00:00:00,50.0,0.0,600.0,30000.0,BAPI
2020-05-18T00:00:00,50.0,0.0,200.0,10000.0,BAPI
2020-05-19T00:00:00,50.0,0.0,200.0,10000.0,BAPI
2020-05-20T00:00:00,50.0,0.0,1100.0,55000.0,BAPI
2020-05-26T00:00:00,50.0,0.0,300.0,15000.0,BAPI
2020-05-27T00:00:00,50.0,0.0,700.0,35000.0,BAPI
2020-05-28T00:00:00,50.0,0.0,200.0,10000.0,BAPI
2020-05-29T00:00:00,50.0,0.0,22300.0,1115000.0,BAPI
2020-06-02T00:00:00,50.0,0.0,1900.0,95000.0,BAPI
2020-06-03T00:00:00,50.0,0.0,21500.0,1075000.0,BAPI
2020-06-04T00:00:00,50.0,0.0,1400.0,70000.0,BAPI
2020-06-05T00:00:00,50.0,0.0,25100.0,1255000.0,BAPI
2020-06-08T00:00:00,50.0,0.0,14200.0,710000.0,BAPI
2020-06-09T00:00:00,50.0,0.0,21300.0,1065000.0,BAPI
2020-06-10T00:00:00,50.0,0.0,2200.0,110000.0,BAPI
2020-06-11T00:00:00,50.0,0.0,3000.0,150000.0,BAPI
2020-06-12T00:00:00,50.0,0.0,7400.0,370000.0,BAPI
2020-06-15T00:00:00,50.0,0.0,1100.0,55000.0,BAPI
2020-06-16T00:00:00,50.0,0.0,1100.0,55000.0,BAPI
2020-06-17T00:00:00,50.0,0.0,2100.0,105000.0,BAPI
2020-06-18T00:00:00,50.0,0.0,11900.0,595000.0,BAPI
2020-06-19T00:00:00,50.0,0.0,12900.0,645000.0,BAPI
2020-06-22T00:00:00,50.0,0.0,102500.0,5125000.0,BAPI
2020-06-23T00:00:00,50.0,0.0,3300.0,165000.0,BAPI
2020-06-24T00:00:00,50.0,0.0,2200.0,110000.0,BAPI
2020-06-25T00:00:00,50.0,0.0,2000.0,100000.0,BAPI
2020-06-26T00:00:00,50.0,0.0,2400.0,120000.0,BAPI
2020-06-29T00:00:00,50.0,0.0,3600.0,180000.0,BAPI
2020-06-30T00:00:00,50.0,0.0,1500.0,75000.0,BAPI
2020-07-01T00:00:00,50.0,0.0,4100.0,205000.0,BAPI
2020-07-02T00:00:00,50.0,0.0,8100.0,405000.0,BAPI
2020-07-03T00:00:00,50.0,0.0,4200.0,210000.0,BAPI
2020-07-06T00:00:00,50.0,0.0,21400.0,1070000.0,BAPI
2020-07-07T00:00:00,50.0,0.0,3400.0,170000.0,BAPI
2020-07-08T00:00:00,50.0,0.0,502300.0,25115000.0,BAPI
2020-07-09T00:00:00,50.0,0.0,2900.0,145000.0,BAPI
2020-07-10T00:00:00,50.0,0.0,16100.0,805000.0,BAPI
2020-07-13T00:00:00,50.0,0.0,53700.0,2685000.0,BAPI
2020-07-14T00:00:00,50.0,0.0,2100.0,105000.0,BAPI
2020-07-15T00:00:00,50.0,0.0,14600.0,730000.0,BAPI
2020-07-16T00:00:00,50.0,0.0,3300.0,165000.0,BAPI
2020-07-17T00:00:00,50.0,0.0,20400.0,1020000.0,BAPI
2020-07-20T00:00:00,50.0,0.0,1100.0,55000.0,BAPI
2020-07-21T00:00:00,50.0,0.0,3900.0,195000.0,BAPI
2020-07-22T00:00:00,50.0,0.0,1100.0,55000.0,BAPI
2020-07-23T00:00:00,50.0,0.0,3100.0,155000.0,BAPI
2020-07-24T00:00:00,50.0,0.0,2200.0,110000.0,BAPI
2020-07-27T00:00:00,50.0,0.0,700.0,35000.0,BAPI
2020-07-28T00:00:00,50.0,0.0,2800.0,140000.0,BAPI
2020-07-29T00:00:00,50.0,0.0,3000.0,150000.0,BAPI
2020-07-30T00:00:00,50.0,0.0,6800.0,340000.0,BAPI
2020-08-03T00:00:00,50.0,0.0,12400.0,620000.0,BAPI
2020-08-04T00:00:00,50.0,0.0,12900.0,645000.0,BAPI
2020-08-05T00:00:00,50.0,0.0,700.0,35000.0,BAPI
2020-08-06T00:00:00,50.0,0.0,2200.0,110000.0,BAPI
2020-08-07T00:00:00,50.0,0.0,14500.0,725000.0,BAPI
2020-08-10T00:00:00,50.0,0.0,300.0,15000.0,BAPI
2020-08-11T00:00:00,50.0,0.0,202800.0,10140000.0,BAPI
2020-08-12T00:00:00,50.0,0.0,34000.0,1700000.0,BAPI
2020-08-13T00:00:00,50.0,0.0,614500.0,30725000.0,BAPI
2020-08-14T00:00:00,50.0,0.0,600.0,30000.0,BAPI
2020-08-18T00:00:00,50.0,0.0,10100.0,505000.0,BAPI
2020-08-19T00:00:00,50.0,0.0,50200.0,2510000.0,BAPI
2020-08-24T00:00:00,50.0,0.0,6400.0,320000.0,BAPI
2020-08-25T00:00:00,50.0,0.0,22500.0,1125000.0,BAPI
2020-08-26T00:00:00,50.0,0.0,6100.0,305000.0,BAPI
2020-08-27T00:00:00,50.0,0.0,1600.0,80000.0,BAPI
2020-08-28T00:00:00,50.0,0.0,5000.0,250000.0,BAPI
2020-08-31T00:00:00,50.0,0.0,137000.0,6850000.0,BAPI
2020-09-01T00:00:00,50.0,0.0,163600.0,8180000.0,BAPI
2020-09-02T00:00:00,50.0,0.0,2100.0,105000.0,BAPI
2020-09-03T00:00:00,50.0,0.0,16200.0,810000.0,BAPI
2020-09-04T00:00:00,50.0,0.0,3200.0,160000.0,BAPI
2020-09-07T00:00:00,50.0,0.0,11600.0,580000.0,BAPI
2020-09-08T00:00:00,50.0,0.0,20500.0,1025000.0,BAPI
2020-09-09T00:00:00,50.0,0.0,1700.0,85000.0,BAPI
2020-09-10T00:00:00,50.0,0.0,900.0,45000.0,BAPI
2020-09-11T00:00:00,50.0,0.0,1000.0,50000.0,BAPI
2020-09-14T00:00:00,50.0,0.0,109400.0,5470000.0,BAPI
2020-09-15T00:00:00,50.0,0.0,600.0,30000.0,BAPI
2020-09-16T00:00:00,50.0,0.0,30000.0,1500000.0,BAPI
2020-09-17T00:00:00,50.0,0.0,6400.0,320000.0,BAPI
2020-09-18T00:00:00,50.0,0.0,1203400.0,60170000.0,BAPI
2020-09-21T00:00:00,50.0,0.0,1900.0,95000.0,BAPI
2020-09-22T00:00:00,50.0,0.0,8000.0,400000.0,BAPI
2020-09-23T00:00:00,50.0,0.0,2200.0,110000.0,BAPI
2020-09-24T00:00:00,50.0,0.0,300.0,15000.0,BAPI
2020-09-25T00:00:00,50.0,0.0,900.0,45000.0,BAPI
2020-09-28T00:00:00,50.0,0.0,1100.0,55000.0,BAPI
2020-09-29T00:00:00,50.0,0.0,2400.0,120000.0,BAPI
2020-09-30T00:00:00,50.0,0.0,2000.0,100000.0,BAPI
2020-10-01T00:00:00,50.0,0.0,2400.0,120000.0,BAPI
2020-10-02T00:00:00,50.0,0.0,23400.0,1170000.0,BAPI
2020-10-05T00:00:00,50.0,0.0,13800.0,690000.0,BAPI
2020-10-06T00:00:00,50.0,0.0,1900.0,95000.0,BAPI
2020-10-07T00:00:00,50.0,0.0,1200.0,60000.0,BAPI
2020-10-08T00:00:00,50.0,0.0,21600.0,1080000.0,BAPI
2020-10-09T00:00:00,50.0,0.0,15900.0,795000.0,BAPI
2020-10-12T00:00:00,50.0,0.0,6500.0,325000.0,BAPI
2020-10-13T00:00:00,50.0,0.0,208000.0,10400000.0,BAPI
2020-10-14T00:00:00,50.0,0.0,5600.0,280000.0,BAPI
2020-10-15T00:00:00,50.0,0.0,7800.0,390000.0,BAPI
2020-10-16T00:00:00,50.0,0.0,7100.0,355000.0,BAPI
2020-10-19T00:00:00,50.0,0.0,1000.0,50000.0,BAPI
2020-10-20T00:00:00,50.0,0.0,13500.0,675000.0,BAPI
2020-10-21T00:00:00,50.0,0.0,1200.0,60000.0,BAPI
2020-10-22T00:00:00,50.0,0.0,2900.0,145000.0,BAPI
2020-10-23T00:00:00,50.0,0.0,215800.0,10790000.0,BAPI
2020-10-26T00:00:00,50.0,0.0,700.0,35000.0,BAPI
2020-10-27T00:00:00,50.0,0.0,100.0,5000.0,BAPI
2020-11-02T00:00:00,50.0,0.0,500.0,25000.0,BAPI
2020-11-03T00:00:00,50.0,0.0,2800.0,140000.0,BAPI
2020-11-04T00:00:00,50.0,0.0,63900.0,3195000.0,BAPI
2020-11-05T00:00:00,50.0,0.0,800.0,40000.0,BAPI
2020-11-06T00:00:00,50.0,0.0,102200.0,5110000.0,BAPI
2020-11-09T00:00:00,50.0,0.0,300.0,15000.0,BAPI
2020-11-10T00:00:00,50.0,0.0,2300.0,115000.0,BAPI
2020-11-11T00:00:00,50.0,0.0,400.0,20000.0,BAPI
2020-11-12T00:00:00,50.0,0.0,700.0,35000.0,BAPI
2020-11-13T00:00:00,50.0,0.0,2700.0,135000.0,BAPI
2020-11-16T00:00:00,50.0,0.0,12700.0,635000.0,BAPI
2020-11-17T00:00:00,50.0,0.0,5400.0,270000.0,BAPI
2020-11-18T00:00:00,50.0,0.0,64300.0,3215000.0,BAPI
2020-11-19T00:00:00,50.0,0.0,2100.0,105000.0,BAPI
2020-11-20T00:00:00,50.0,0.0,141600.0,7080000.0,BAPI
2020-11-23T00:00:00,50.0,0.0,214200.0,10710000.0,BAPI
2020-11-24T00:00:00,50.0,0.0,27200.0,1360000.0,BAPI
2020-11-25T00:00:00,50.0,0.0,238500.0,11925000.0,BAPI
2020-11-26T00:00:00,50.0,0.0,526800.0,26340000.0,BAPI
2020-11-27T00:00:00,50.0,0.0,413600.0,20680000.0,BAPI
2020-11-30T00:00:00,50.0,0.0,313000.0,15650000.0,BAPI
2020-12-01T00:00:00,50.0,0.0,600.0,30000.0,BAPI
2020-12-02T00:00:00,50.0,0.0,29400.0,1470000.0,BAPI
2020-12-03T00:00:00,50.0,0.0,34300.0,1715000.0,BAPI
2020-12-04T00:00:00,50.0,0.0,15100.0,755000.0,BAPI
2020-12-07T00:00:00,50.0,0.0,4200.0,210000.0,BAPI
2020-12-08T00:00:00,50.0,0.0,4900.0,245000.0,BAPI
2020-12-10T00:00:00,50.0,0.0,296900.0,14845000.0,BAPI
2020-12-11T00:00:00,50.0,0.0,37600.0,1880000.0,BAPI
2020-12-14T00:00:00,50.0,0.0,24500.0,1225000.0,BAPI
2020-12-15T00:00:00,50.0,0.0,2600.0,130000.0,BAPI
2020-12-16T00:00:00,50.0,0.0,34100.0,1705000.0,BAPI
2020-12-17T00:00:00,50.0,0.0,171400.0,8570000.0,BAPI
2020-12-18T00:00:00,50.0,0.0,10400.0,520000.0,BAPI
2020-12-21T00:00:00,50.0,0.0,29100.0,1455000.0,BAPI
2020-12-22T00:00:00,50.0,0.0,3300.0,165000.0,BAPI
2020-12-23T00:00:00,50.0,0.0,7900.0,395000.0,BAPI
2020-12-28T00:00:00,50.0,0.0,27100.0,1355000.0,BAPI
2020-12-29T00:00:00,50.0,0.0,251200.0,12560000.0,BAPI
2020-12-30T00:00:00,50.0,0.0,38000.0,1900000.0,BAPI
2021-01-04T00:00:00,50.0,0.0,2200.0,110000.0,BAPI
2021-01-05T00:00:00,50.0,0.0,12400.0,620000.0,BAPI
2021-01-06T00:00:00,50.0,0.0,22300.0,1115000.0,BAPI
2021-01-07T00:00:00,50.0,0.0,900.0,45000.0,BAPI
2021-01-08T00:00:00,50.0,0.0,102600.0,5130000.0,BAPI
2021-01-11T00:00:00,50.0,0.0,12000.0,600000.0,BAPI
2021-01-12T00:00:00,50.0,0.0,4600.0,230000.0,BAPI
2021-01-13T00:00:00,50.0,0.0,1900.0,95000.0,BAPI
2021-01-14T00:00:00,50.0,0.0,32300.0,1615000.0,BAPI
2021-01-15T00:00:00,50.0,0.0,6300.0,315000.0,BAPI
2021-01-18T00:00:00,50.0,0.0,12200.0,610000.0,BAPI
2021-01-19T00:00:00,50.0,0.0,26900.0,1345000.0,BAPI
2021-01-20T00:00:00,50.0,0.0,1700.0,85000.0,BAPI
2021-01-21T00:00:00,50.0,0.0,100.0,5000.0,BAPI
2021-01-22T00:00:00,50.0,0.0,11000.0,550000.0,BAPI
2021-01-25T00:00:00,50.0,0.0,7500.0,375000.0,BAPI
2021-01-26T00:00:00,50.0,0.0,394200.0,19710000.0,BAPI
2021-01-27T00:00:00,50.0,0.0,12900.0,645000.0,BAPI
2021-01-28T00:00:00,50.0,0.0,400.0,20000.0,BAPI
2021-01-29T00:00:00,50.0,0.0,1600.0,80000.0,BAPI
2021-02-01T00:00:00,50.0,0.0,212500.0,10625000.0,BAPI
2021-02-02T00:00:00,50.0,0.0,25400.0,1270000.0,BAPI
2021-02-03T00:00:00,50.0,0.0,1000.0,50000.0,BAPI
2021-02-04T00:00:00,50.0,0.0,1800.0,90000.0,BAPI
2021-02-05T00:00:00,50.0,0.0,9000.0,450000.0,BAPI
2021-02-08T00:00:00,50.0,0.0,11400.0,570000.0,BAPI
2021-02-09T00:00:00,50.0,0.0,11500.0,575000.0,BAPI
2021-02-10T00:00:00,50.0,0.0,0.0,0.0,BAPI
2021-02-11T00:00:00,50.0,0.0,55900.0,2795000.0,BAPI
2021-02-15T00:00:00,50.0,0.0,11200.0,560000.0,BAPI
2021-02-16T00:00:00,50.0,0.0,10500.0,525000.0,BAPI
2021-02-17T00:00:00,50.0,0.0,10700.0,535000.0,BAPI
2021-02-18T00:00:00,50.0,0.0,83400.0,4170000.0,BAPI
2021-02-19T00:00:00,50.0,0.0,103900.0,5195000.0,BAPI
2021-02-22T00:00:00,50.0,0.0,11000.0,550000.0,BAPI
2021-02-23T00:00:00,50.0,0.0,800.0,40000.0,BAPI
2021-02-24T00:00:00,50.0,0.0,749000.0,37450000.0,BAPI
2021-02-25T00:00:00,50.0,0.0,25800.0,1290000.0,BAPI
2021-02-26T00:00:00,50.0,0.0,6400.0,320000.0,BAPI
2021-03-01T00:00:00,50.0,0.0,16700.0,835000.0,BAPI
2021-03-02T00:00:00,50.0,0.0,200100.0,10005000.0,BAPI
2021-03-03T00:00:00,50.0,0.0,32800.0,1640000.0,BAPI
2021-03-04T00:00:00,50.0,0.0,16300.0,815000.0,BAPI
2021-03-05T00:00:00,50.0,0.0,974000.0,48700000.0,BAPI
2021-03-08T00:00:00,50.0,0.0,648100.0,32405000.0,BAPI
2021-03-09T00:00:00,50.0,0.0,165900.0,8295000.0,BAPI
2021-03-10T00:00:00,50.0,0.0,14100.0,705000.0,BAPI
2021-03-12T00:00:00,50.0,0.0,240800.0,12040000.0,BAPI
2021-03-15T00:00:00,50.0,0.0,18900.0,945000.0,BAPI
2021-03-16T00:00:00,50.0,0.0,32700.0,1635000.0,BAPI
2021-03-17T00:00:00,50.0,0.0,72400.0,3620000.0,BAPI
2021-03-18T00:00:00,50.0,0.0,105000.0,5250000.0,BAPI
2021-03-19T00:00:00,50.0,0.0,49100.0,2455000.0,BAPI
2021-03-22T00:00:00,50.0,0.0,7100.0,355000.0,BAPI
2021-03-23T00:00:00,50.0,0.0,40600.0,2030000.0,BAPI
2021-03-24T00:00:00,50.0,0.0,4200.0,210000.0,BAPI
2021-03-25T00:00:00,50.0,0.0,5400.0,270000.0,BAPI
2021-03-26T00:00:00,50.0,0.0,3000.0,150000.0,BAPI
2021-03-29T00:00:00,50.0,0.0,3600.0,180000.0,BAPI
2021-03-30T00:00:00,50.0,0.0,29000.0,1450000.0,BAPI
2021-03-31T00:00:00,50.0,0.0,700.0,35000.0,BAPI
2021-04-01T00:00:00,50.0,0.0,3200.0,160000.0,BAPI
2021-04-05T00:00:00,50.0,0.0,14700.0,735000.0,BAPI
2021-04-06T00:00:00,50.0,0.0,500.0,25000.0,BAPI
2021-04-07T00:00:00,50.0,0.0,6000.0,300000.0,BAPI
2021-04-08T00:00:00,50.0,0.0,500.0,25000.0,BAPI
2021-04-09T00:00:00,50.0,0.0,22700.0,1135000.0,BAPI
2021-04-12T00:00:00,50.0,0.0,400.0,20000.0,BAPI
2021-04-13T00:00:00,50.0,0.0,0.0,0.0,BAPI
2021-04-14T00:00:00,50.0,0.0,100.0,5000.0,BAPI
2021-04-15T00:00:00,50.0,0.0,5100.0,255000.0,BAPI
2021-04-16T00:00:00,50.0,0.0,71900.0,3595000.0,BAPI
2021-04-19T00:00:00,50.0,0.0,8700.0,435000.0,BAPI
2021-04-20T00:00:00,50.0,0.0,5700.0,285000.0,BAPI
2021-04-21T00:00:00,50.0,0.0,600.0,30000.0,BAPI
2021-04-22T00:00:00,50.0,0.0,16200.0,810000.0,BAPI
2021-04-23T00:00:00,50.0,0.0,3200.0,160000.0,BAPI
2021-04-26T00:00:00,50.0,0.0,300.0,15000.0,BAPI
2021-04-27T00:00:00,50.0,0.0,800.0,40000.0,BAPI
2021-04-28T00:00:00,50.0,0.0,140100.0,7005000.0,BAPI
2021-04-29T00:00:00,50.0,0.0,25600.0,1280000.0,BAPI
2021-04-30T00:00:00,50.0,0.0,100.0,5000.0,BAPI
2021-05-03T00:00:00,50.0,0.0,90200.0,4510000.0,BAPI
2021-05-04T00:00:00,50.0,0.0,97000.0,4850000.0,BAPI
2021-05-05T00:00:00,50.0,0.0,300.0,15000.0,BAPI
2021-05-06T00:00:00,50.0,0.0,53000.0,2650000.0,BAPI
2021-05-07T00:00:00,50.0,0.0,900.0,45000.0,BAPI
2021-05-10T00:00:00,50.0,0.0,25000.0,1250000.0,BAPI
2021-05-11T00:00:00,50.0,0.0,40000.0,2000000.0,BAPI
2021-05-17T00:00:00,50.0,0.0,37900.0,1895000.0,BAPI
2021-05-18T00:00:00,50.0,0.0,2100.0,105000.0,BAPI
2021-05-19T00:00:00,50.0,0.0,102500.0,5125000.0,BAPI
2021-05-20T00:00:00,50.0,0.0,600.0,30000.0,BAPI
2021-05-21T00:00:00,50.0,0.0,12300.0,615000.0,BAPI
2021-05-22T00:00:00,50.0,0.0,0.0,0.0,BAPI
2021-05-24T00:00:00,50.0,0.0,300.0,15000.0,BAPI
2021-05-25T00:00:00,50.0,0.0,2700.0,135000.0,BAPI
2021-05-27T00:00:00,50.0,0.0,2000.0,100000.0,BAPI
2021-05-28T00:00:00,50.0,0.0,300.0,15000.0,BAPI
2021-05-31T00:00:00,50.0,0.0,2800.0,140000.0,BAPI
2021-06-02T00:00:00,50.0,0.0,101200.0,5060000.0,BAPI
2021-06-03T00:00:00,50.0,0.0,1900.0,95000.0,BAPI
2021-06-04T00:00:00,50.0,0.0,5500.0,275000.0,BAPI
2021-06-07T00:00:00,50.0,0.0,46700.0,2335000.0,BAPI
2021-06-08T00:00:00,50.0,0.0,400.0,20000.0,BAPI
2021-06-09T00:00:00,50.0,0.0,341900.0,17095000.0,BAPI
2021-06-10T00:00:00,50.0,0.0,1200.0,60000.0,BAPI
2021-06-11T00:00:00,50.0,0.0,900.0,45000.0,BAPI
2021-06-14T00:00:00,50.0,0.0,4700.0,235000.0,BAPI
2021-06-15T00:00:00,50.0,0.0,25300.0,1265000.0,BAPI
2021-06-16T00:00:00,50.0,0.0,3300.0,165000.0,BAPI
2021-06-17T00:00:00,50.0,0.0,400.0,20000.0,BAPI
2021-06-18T00:00:00,50.0,0.0,177600.0,8880000.0,BAPI
2021-06-21T00:00:00,50.0,0.0,8400.0,420000.0,BAPI
2021-06-22T00:00:00,50.0,0.0,200.0,10000.0,BAPI
2021-06-23T00:00:00,50.0,0.0,0.0,0.0,BAPI
2021-06-24T00:00:00,50.0,0.0,800.0,40000.0,BAPI
2021-06-25T00:00:00,50.0,0.0,2000.0,100000.0,BAPI
2021-06-28T00:00:00,50.0,0.0,200.0,10000.0,BAPI
2021-06-29T00:00:00,50.0,0.0,1700.0,85000.0,BAPI
2021-06-30T00:00:00,50.0,0.0,1900.0,95000.0,BAPI
2021-07-01T00:00:00,50.0,0.0,1000.0,50000.0,BAPI
2021-07-02T00:00:00,50.0,0.0,1900.0,95000.0,BAPI
2021-07-05T00:00:00,50.0,0.0,13700.0,685000.0,BAPI
2021-07-06T00:00:00,50.0,0.0,27000.0,1350000.0,BAPI
2021-07-07T00:00:00,50.0,0.0,400.0,20000.0,BAPI
2021-07-08T00:00:00,50.0,0.0,1900.0,95000.0,BAPI
2021-07-09T00:00:00,50.0,0.0,1200.0,60000.0,BAPI
